first_name,last_name
John,Turner
Kenneth,Lewis
Paul,Adams
Amy,Diaz
Daniel,Wilson
Jessica,Smith
Sandra,Walker
Michelle,Brown
Michelle,Martinez
Michael,Edwards
Kenneth,Cruz
Susan,Lopez
Donald,Perez
Sharon,Lewis
Elizabeth,Harris
Amy,Rodriguez
James,Johnson
Joshua,Rodriguez
Mark,Jones
Paul,Carter
Paul,Parker
James,Baker
Emily,Hill
Kathleen,Hernandez
Robert,Flores
Kimberly,Turner
Ryan,Turner
Timothy,Jones
Ashley,Anderson
Paul,Thomas
Betty,Smith
Jacob,Thompson
Gary,Hernandez
Christopher,King
Kathleen,Phillips
Jessica,Roberts
Donald,Nelson
William,Robinson
Sharon,Nguyen
Betty,Flores
Sarah,Clark
Elizabeth,Hernandez
Rebecca,Anderson
Elizabeth,Miller
Michelle,Lopez
Matthew,Hill
Laura,Turner
Mary,Perez
Paul,Wilson
Elizabeth,Taylor
George,Smith
Barbara,Thomas
James,Diaz
Edward,Diaz
Elizabeth,Wilson
Christopher,Clark
Jeffrey,Carter
Melissa,Miller
Karen,Gonzalez
Emily,Miller
Deborah,Lopez
James,Harris
Lisa,Johnson
David,Cruz
Rebecca,Ramirez
Nancy,Smith
Elizabeth,Martin
Kevin,Phillips
Sharon,Morris
Deborah,Walker
Cynthia,Hernandez
Deborah,Parker
Carol,Brown
Donna,Carter
Sarah,Martinez
Amy,Scott
Anthony,Mitchell
Jessica,Harris
Kenneth,Williams
William,Hall
Jacob,Young
Karen,Anderson
Steven,Williams
Daniel,Ramirez
Brian,Smith
Jennifer,Lopez
Daniel,Reyes
Carol,Gomez
Laura,Jones
Mark,Evans
Jessica,Brown
Jennifer,Nguyen
Jennifer,Phillips
Jessica,Campbell
Sharon,Perez
Timothy,Martinez
Robert,Gonzalez
Emily,Robinson
Michael,Harris
Laura,Robinson
Kathleen,Lopez
Patricia,Davis
Jessica,Baker
David,Nelson
Mark,Rivera
Melissa,Sanchez
Jeffrey,Anderson
Jessica,Phillips
Jeffrey,Garcia
David,Taylor
John,Phillips
Jennifer,Davis
Kevin,Brown
Melissa,Flores
Margaret,Lopez
Jessica,Johnson
Ryan,Johnson
Matthew,Walker
James,Nguyen
James,Lewis
Laura,Taylor
Mark,Smith
Lisa,Carter
Ashley,Carter
Edward,Green
Jason,Carter
Stephanie,Nelson
Charles,Green
Laura,White
Richard,Flores
Jason,Martinez
Cynthia,Jackson
Kimberly,Davis
Mary,Roberts
Timothy,Rodriguez
Jason,Edwards
Laura,Scott
Richard,Nelson
Lisa,Diaz
Paul,Wright
Brian,Green
William,Lee
George,Johnson
Elizabeth,Scott
Emily,Clark
Christopher,Green
Steven,Phillips
Robert,Stewart
Robert,Adams
Anthony,Allen
Charles,Thompson
Nancy,Lee
Barbara,Davis
Deborah,Nelson
Sharon,Brown
Gary,Campbell
Andrew,Jackson
Carol,Perez
Joseph,Reyes
Melissa,Wright
John,Robinson
Edward,Morris
Betty,Jones
Jason,Brown
Richard,Lee
Cynthia,White
Michelle,Mitchell
Mark,King
Kenneth,Wright
Nancy,Nguyen
John,Lee
Charles,Cruz
Jeffrey,Williams
Kevin,Allen
Daniel,Scott
Steven,Flores
Edward,Adams
Kevin,Rivera
Steven,King
Nancy,King
Jacob,Mitchell
Karen,Stewart
Donald,Roberts
Sharon,Ramirez
James,Martin
Donna,Collins
Jason,Diaz
Jason,Thompson
Jeffrey,Rivera
Jeffrey,Wright
Laura,Flores
Ronald,Flores
Karen,Young
Patricia,Harris
Stephanie,Robinson
Lisa,Rodriguez
Kenneth,Moore
Michelle,Rivera
Mark,Hall
Ronald,Nelson
Mark,Lee
Richard,Phillips
Jacob,Nguyen
Linda,Mitchell
Melissa,Hernandez
Dorothy,Diaz
Linda,Smith
Joseph,Lee
Ryan,Phillips
Matthew,Robinson
Anthony,Flores
Sharon,Anderson
Betty,Hall
Anthony,Smith
Sarah,Morris
Edward,Taylor
Deborah,Stewart
Donald,Green
John,Martin
Betty,Diaz
Jessica,Cruz
David,King
David,Lopez
Andrew,Reyes
Susan,Garcia
Charles,Gonzalez
Andrew,Perez
Michelle,Jackson
Amanda,Adams
Sandra,Allen
Kimberly,Harris
Stephanie,Clark
Joseph,Parker
Matthew,Nelson
Cynthia,Collins
Elizabeth,Johnson
Joseph,Green
John,Brown
Charles,Morris
Robert,Rodriguez
Ashley,Nguyen
Edward,Anderson
Stephanie,Edwards
Sarah,Lewis
Barbara,Reyes
Christopher,Rivera
Gary,Lee
Joshua,Rivera
Kathleen,Davis
Andrew,King
Emily,Scott
Amy,Cruz
Gary,Young
Jason,Johnson
Susan,Nelson
Sharon,Rodriguez
Michael,Turner
Ryan,Allen
Christopher,Lopez
Edward,Walker
Elizabeth,Evans
Barbara,Gonzalez
George,Taylor
William,Allen
Elizabeth,Collins
Amanda,Flores
Paul,Stewart
Brian,Flores
Robert,Young
Daniel,Walker
Jessica,Garcia
Lisa,Lee
Patricia,Torres
Kimberly,Rivera
Joshua,Nguyen
William,Jones
Nancy,Anderson
William,Carter
Donna,Evans
Stephanie,Taylor
Paul,Allen
Sandra,Sanchez
Emily,Cruz
Daniel,Lee
Thomas,Evans
Edward,Jones
Jacob,Sanchez
James,Torres
Timothy,Lewis
Amy,White
Timothy,Davis
Kenneth,Parker
Donna,Flores
Emily,Williams
Deborah,Scott
Karen,Martin
Anthony,Campbell
Jason,Stewart
Mary,Lopez
Margaret,Hernandez
Kathleen,King
Brian,Edwards
Jason,Mitchell
Anthony,Perez
Robert,Baker
Margaret,Jackson
Sandra,Collins
Betty,Taylor
Paul,Lee
Barbara,Anderson
Laura,Williams
Karen,Thomas
Mary,Hall
Richard,Stewart
Michelle,Jones
Donna,Martin
Sarah,Thomas
Mary,Walker
Brian,Parker
Rebecca,Rivera
William,Diaz
Ryan,Mitchell
Gary,Wright
Paul,Rivera
Jeffrey,Robinson
Carol,Walker
Michael,Carter
Daniel,King
Anthony,Robinson
Cynthia,Young
Elizabeth,Stewart
Joseph,Wright
Laura,Harris
Barbara,Garcia
Dorothy,Johnson
Richard,Thompson
Brian,Hall
Brian,Collins
Jeffrey,Torres
George,Gonzalez
James,Phillips
William,Adams
Matthew,Lopez
Michelle,Hernandez
Jessica,Robinson
Christopher,Hernandez
Richard,Robinson
Mary,Edwards
Timothy,Harris
Elizabeth,Nelson
Sandra,Thompson
Gary,Walker
Brian,Phillips
Matthew,Brown
Sandra,White
Jason,Moore
John,Baker
Jeffrey,Stewart
Sharon,Moore
William,Anderson
Emily,Collins
Anthony,King
Linda,Lopez
Cynthia,Thompson
Rebecca,Edwards
Betty,Clark
Amy,Green
Jessica,Young
Rebecca,Sanchez
Daniel,Baker
Gary,Morris
Linda,Hall
Sandra,Hall
Stephanie,Johnson
Barbara,Adams
Mary,White
Christopher,Diaz
Cynthia,Scott
Melissa,Martin
Jacob,Ramirez
Timothy,Allen
William,Brown
Mary,Brown
Steven,Gonzalez
Melissa,Davis
Kenneth,Johnson
Rebecca,Jackson
Rebecca,Jones
Cynthia,Edwards
Stephanie,Adams
Joshua,Torres
Barbara,Scott
Melissa,Taylor
Mark,Harris
Charles,Walker
David,Brown
Sandra,Gomez
Kevin,Diaz
Patricia,Allen
Edward,Phillips
William,Moore
Carol,Scott
Ashley,Harris
Patricia,Nelson
Melissa,Stewart
Mary,Davis
Laura,Mitchell
Brian,Jackson
Mary,Wright
Carol,Cruz
Jessica,Nguyen
Kimberly,Williams
Dorothy,Harris
Laura,Thompson
Ashley,Martinez
Emily,Wilson
Anthony,Williams
Edward,King
Brian,Baker
Donald,Allen
Thomas,Martinez
Jacob,Garcia
Robert,Collins
Sarah,Moore
Rebecca,Cruz
Sarah,Ramirez
Linda,Gonzalez
Jacob,Moore
Richard,Lopez
Amy,Jackson
Nancy,Carter
Timothy,Perez
Dorothy,Evans
Sarah,Rodriguez
Gary,Gomez
Barbara,King
Brian,Robinson
Jacob,Torres
Brian,Sanchez
Mary,Morris
Ronald,Taylor
Amy,Roberts
Christopher,Taylor
George,Mitchell
Timothy,Stewart
Thomas,Hernandez
Melissa,Cruz
Dorothy,Gonzalez
Anthony,Sanchez
Margaret,Reyes
Amy,Sanchez
Sarah,Walker
Joseph,Robinson
Stephanie,Rodriguez
Mark,Jackson
Jennifer,Flores
Thomas,Mitchell
Emily,Jones
Robert,White
Carol,Ramirez
David,Hall
Richard,Baker
Anthony,Gonzalez
Kenneth,Thompson
Timothy,Gomez
Linda,Hill
Jeffrey,Roberts
Deborah,Clark
Deborah,Jones
Andrew,Green
Kevin,Jackson
James,Miller
Anthony,Hernandez
Betty,Ramirez
Michael,Scott
Michael,Martin
Jessica,Taylor
Kenneth,Campbell
Mark,Walker
Ronald,Thompson
John,King
William,Hernandez
Jessica,Nelson
Donald,Mitchell
Dorothy,Reyes
Jessica,White
Jennifer,Clark
Cynthia,Green
Gary,Hall
Sarah,Collins
Jeffrey,Taylor
Joshua,Smith
Rebecca,Mitchell
Gary,Brown
Ashley,Hill
Steven,Rodriguez
Amy,Miller
Kevin,Taylor
Betty,Morris
Sarah,Turner
Jeffrey,Harris
Cynthia,King
Emily,Nelson
Thomas,Green
Deborah,Young
Mark,Lopez
Barbara,Gomez
Ryan,Miller
Michelle,Ramirez
Matthew,Taylor
Kathleen,Clark
Michelle,Hall
Timothy,Hernandez
Barbara,Turner
Laura,Allen
Melissa,Phillips
Sandra,Diaz
William,Martinez
Ronald,Martin
Margaret,Miller
Amanda,Taylor
Dorothy,Collins
Jessica,Torres
Timothy,Garcia
Richard,Mitchell
Stephanie,Ramirez
Robert,Allen
Michelle,Morris
Carol,Allen
Patricia,Rivera
Jeffrey,Jones
Jacob,White
Joseph,Johnson
Mark,Carter
Amanda,Scott
Thomas,Nguyen
Kenneth,Mitchell
Michelle,Wright
Jacob,Rodriguez
Amy,Nelson
Deborah,Brown
Michelle,Garcia
Laura,Hernandez
Laura,Morris
David,Carter
Rebecca,Flores
David,Phillips
Deborah,Martin
Robert,Lee
Daniel,White
Anthony,Martinez
Barbara,Phillips
Jason,Flores
Jason,Turner
Rebecca,Green
Amy,Evans
Michael,Ramirez
Jeffrey,Gomez
Robert,Thompson
Kenneth,Baker
Richard,Ramirez
Andrew,Edwards
Steven,Smith
Emily,Thompson
Anthony,Nguyen
Donna,Hall
John,Mitchell
Thomas,Phillips
Jason,Anderson
Michael,Evans
Richard,Walker
James,Mitchell
Ronald,Hill
Ryan,Thomas
John,Cruz
Kimberly,Torres
Amanda,Reyes
Barbara,Ramirez
Sandra,Flores
Stephanie,Gonzalez
Kathleen,Smith
Lisa,Reyes
Matthew,Stewart
Gary,Carter
Margaret,Cruz
Karen,Mitchell
Susan,Wright
Charles,Davis
Dorothy,Lewis
George,Parker
Sarah,Johnson
Jessica,Sanchez
Patricia,Hill
Mark,Davis
Timothy,Turner
Amy,Edwards
Stephanie,Thompson
Melissa,Harris
Amanda,Sanchez
Anthony,Wilson
Linda,Lee
Edward,Rodriguez
Christopher,Evans
Sharon,Sanchez
Charles,Martinez
Kathleen,Martin
Jeffrey,Martinez
Gary,Hill
Sharon,Allen
Brian,Reyes
Amy,Moore
James,Young
Paul,Martinez
Donna,Edwards
Rebecca,Robinson
Christopher,Stewart
Mary,Lewis
Sharon,Torres
Kenneth,Hernandez
Donna,Phillips
Deborah,Hill
Deborah,Rodriguez
Amanda,Wilson
Melissa,Williams
Brian,King
Margaret,Sanchez
Elizabeth,Torres
Kathleen,Rivera
James,Smith
Lisa,Williams
Amy,Stewart
Kevin,Clark
Jeffrey,Walker
Joseph,Martin
Sharon,Scott
Timothy,Morris
Elizabeth,Flores
William,Thomas
Matthew,Perez
George,Phillips
Margaret,Wilson
William,Scott
Thomas,Anderson
Patricia,Jackson
Joseph,Roberts
Jennifer,Parker
Amanda,Collins
Joseph,Edwards
Margaret,Williams
Deborah,Lewis
Dorothy,Wright
Carol,Garcia
Laura,Evans
Carol,Johnson
David,Reyes
Donald,Flores
Richard,Nguyen
Kenneth,Rivera
James,Turner
Carol,Taylor
Susan,Rivera
Elizabeth,Sanchez
Carol,Nelson
Amanda,Thompson
Stephanie,Garcia
Paul,Gonzalez
Patricia,Thompson
Jacob,Green
Brian,Campbell
Sandra,Baker
Jacob,Jones
Donald,Thomas
Mary,Garcia
Amanda,Harris
Richard,Smith
Richard,Campbell
David,Jackson
Margaret,Gonzalez
Linda,Martinez
Karen,Smith
Donna,Green
Ronald,Hall
Andrew,Turner
Deborah,Flores
Charles,Nelson
Betty,Young
David,Collins
Jason,Hall
Karen,Hall
Paul,Flores
Michelle,Allen
Jacob,Turner
Margaret,Martin
Ashley,Torres
Rebecca,Garcia
Linda,Ramirez
Jeffrey,Cruz
Nancy,Walker
Matthew,Sanchez
Michelle,Roberts
Michael,Stewart
Patricia,Mitchell
Betty,Campbell
Timothy,Collins
Nancy,Scott
Charles,Hall
Linda,King
Joseph,Allen
Joshua,Brown
Dorothy,Edwards
Sandra,Ramirez
Donald,Lopez
Sharon,Garcia
John,Jones
Kimberly,Hernandez
Paul,Walker
James,Wilson
Ronald,Diaz
Kimberly,Parker
Nancy,Perez
Michelle,Collins
Michael,Nguyen
Stephanie,Williams
Donald,Collins
Joseph,King
Kimberly,Gonzalez
Paul,Scott
John,Ramirez
Donna,Smith
Ashley,Lee
Kenneth,Reyes
William,Lopez
Nancy,Rivera
Susan,Thomas
James,Campbell
Donald,Campbell
Betty,Adams
Melissa,Nelson
Thomas,Perez
Robert,Ramirez
Stephanie,Collins
Donna,Harris
George,Diaz
Amanda,Lewis
Nancy,Roberts
Mark,Garcia
Michelle,White
Deborah,Sanchez
Kimberly,Diaz
George,Lee
Linda,Walker
Donna,Miller
Jessica,Collins
Linda,Scott
Donna,Taylor
Cynthia,Lewis
Ashley,Thomas
John,Anderson
Nancy,Lewis
Melissa,Campbell
Richard,Young
Kathleen,Nelson
Sharon,Hill
Robert,Hernandez
Ronald,Cruz
Timothy,Moore
Margaret,Brown
Joshua,Martin
Kevin,Carter
Joshua,Evans
Gary,Clark
Jacob,Evans
James,Gomez
Patricia,Miller
Christopher,Sanchez
Jeffrey,Phillips
Kimberly,Cruz
Ashley,Allen
Gary,Lewis
Amanda,Williams
George,Jones
Kathleen,Miller
Laura,Nelson
Amanda,Martinez
Margaret,Lee
Charles,Turner
Matthew,Campbell
Margaret,Moore
Donald,Davis
Thomas,Jackson
Melissa,Evans
Kenneth,Ramirez
Ronald,Torres
Christopher,Torres
Mary,Gonzalez
Sandra,Garcia
Patricia,Martinez
Carol,Collins
Richard,Jackson
Ronald,Rivera
Kimberly,Rodriguez
Karen,Green
Donald,Edwards
Rebecca,Torres
Elizabeth,Gomez
Sharon,Martinez
Paul,Gomez
Amy,Wright
Donald,Reyes
Joshua,Scott
John,Moore
Sharon,Martin
Donald,Nguyen
Cynthia,Thomas
Dorothy,Roberts
Daniel,Robinson
Michelle,Green
George,Morris
Michelle,Parker
Joseph,Turner
Timothy,King
Paul,Green
Lisa,Phillips
Dorothy,Ramirez
Carol,Anderson
George,Rodriguez
Joshua,Reyes
Karen,Turner
Christopher,Collins
Susan,Turner
James,Carter
Sarah,White
Joshua,Sanchez
Sharon,Taylor
Carol,Morris
Sarah,Mitchell
Michael,Diaz
Amanda,Smith
Robert,Smith
Karen,Carter
Kimberly,Garcia
Gary,Mitchell
Kathleen,Cruz
Charles,Mitchell
Kathleen,Nguyen
Donna,Diaz
Lisa,Turner
Matthew,Evans
Jessica,Lopez
Mary,Scott
Jacob,Anderson
Ryan,Adams
Gary,Martin
Sharon,Parker
Mark,Taylor
Jennifer,Garcia
David,Adams
Linda,Moore
Kenneth,Young
Rebecca,Williams
Sarah,Edwards
Nancy,Flores
Amy,Smith
Susan,Scott
Edward,Gonzalez
Kathleen,Wright
Barbara,Sanchez
Matthew,Scott
Gary,Sanchez
Christopher,Allen
Andrew,Baker
Paul,Torres
Robert,Robinson
Kimberly,Wilson
Sandra,Adams
Kenneth,Gomez
Mark,Green
Richard,Brown
Sandra,King
Sharon,Evans
William,Torres
Richard,Gonzalez
Ryan,Rivera
Carol,Robinson
Karen,Roberts
Cynthia,Rivera
Amy,Brown
Ronald,Morris
Dorothy,Mitchell
Jeffrey,Campbell
Rebecca,Nelson
Mary,Martin
Edward,Lopez
Robert,Williams
Elizabeth,Rodriguez
John,Jackson
Linda,Roberts
Christopher,Turner
Sandra,Evans
Steven,Robinson
Linda,Brown
Jason,Hernandez
Laura,Perez
Jennifer,Carter
Kimberly,Flores
Steven,Lewis
Amy,Young
Kevin,Sanchez
Ashley,Turner
John,Edwards
Elizabeth,Moore
Mary,Young
Paul,Mitchell
Sandra,Nguyen
Cynthia,Wilson
Timothy,Miller
Edward,Cruz
Brian,Cruz
Brian,Martinez
Michelle,Hill
Elizabeth,Adams
Patricia,Green
Betty,Williams
Timothy,Nguyen
Jennifer,Roberts
Kimberly,Moore
Donald,Hernandez
Paul,Davis
Donald,Hill
Steven,Young
Cynthia,Parker
Sandra,Scott
Sandra,Thomas
Brian,Young
Rebecca,Martinez
Daniel,Brown
Deborah,Davis
Margaret,Campbell
Kathleen,Harris
Rebecca,Adams
Cynthia,Martinez
Laura,Roberts
Laura,Davis
Joshua,Green
William,Williams
Mark,Hernandez
Carol,Diaz
Barbara,Williams
Andrew,Lewis
Daniel,Garcia
Jessica,Edwards
Anthony,Taylor
Margaret,Evans
Rebecca,Collins
Michael,Jackson
George,Moore
Susan,Hall
Sarah,Scott
Patricia,Baker
Stephanie,Lopez
Amy,Thompson
Andrew,Carter
Cynthia,Adams
William,Thompson
Donald,Parker
Kimberly,Adams
Kenneth,Flores
Brian,Perez
Donald,Martin
Edward,Brown
William,Miller
Donna,Williams
Kevin,Baker
Jacob,Wilson
Andrew,Evans
Anthony,Torres
Ashley,Green
Susan,Martinez
Barbara,Miller
Steven,Parker
Patricia,Reyes
Stephanie,Davis
Melissa,Adams
Emily,Allen
Elizabeth,Walker
Emily,Adams
Charles,Baker
Joseph,Brown
Nancy,Stewart
Charles,Adams
David,Gomez
Mary,Sanchez
Jessica,Stewart
Donna,Cruz
Cynthia,Reyes
Ashley,Scott
Michael,Gonzalez
Betty,King
Emily,Thomas
Robert,Evans
Sarah,Anderson
Jennifer,Stewart
Gary,Anderson
Charles,Lewis
Stephanie,Allen
Charles,Wright
Emily,Campbell
Susan,Ramirez
David,Mitchell
Ashley,Rivera
Ronald,Johnson
Charles,Hill
Ashley,Stewart
Joshua,Garcia
Susan,Cruz
Carol,Clark
Steven,Davis
Amanda,Miller
John,Miller
Edward,Baker
Jennifer,Perez
Melissa,Torres
Daniel,Flores
Robert,Reyes
Richard,Rivera
Jennifer,Anderson
Margaret,Thomas
Kathleen,Garcia
Gary,Robinson
Ronald,Moore
Mark,Flores
Ryan,Brown
Margaret,Baker
Joseph,Thomas
Dorothy,Cruz
George,Green
Ashley,White
Mark,Roberts
Michelle,Stewart
Nancy,Diaz
Jacob,Stewart
Laura,Ramirez
Ashley,Mitchell
Timothy,Scott
Jason,Baker
Amanda,Hernandez
William,Evans
Kimberly,Miller
Jacob,Collins
Brian,Taylor
Robert,Clark
Lisa,Sanchez
Kenneth,King
Donald,Anderson
Christopher,Walker
William,Davis
Edward,Nguyen
Ryan,Collins
Lisa,Adams
George,Anderson
Robert,Edwards
Elizabeth,Green
Kimberly,Nguyen
Richard,Martin
Rebecca,Lopez
Robert,Diaz
Richard,Evans
Joseph,Clark
John,Adams
Michelle,Carter
Stephanie,Brown
Kathleen,Turner
Kevin,Ramirez
Sarah,Perez
Jennifer,Lewis
Nancy,Morris
George,Young
Mark,Moore
Kenneth,Miller
John,Taylor
Laura,Diaz
Amanda,Gonzalez
Lisa,Cruz
Sarah,Harris
Mary,Harris
John,Morris
Sharon,Baker
Linda,White
Thomas,Ramirez
Ronald,Roberts
Christopher,Davis
Amy,Adams
Kimberly,Jackson
George,Miller
Jennifer,Wright
Timothy,Sanchez
Jessica,Gonzalez
Gary,Turner
Kevin,Thompson
Susan,Davis
Nancy,Wilson
Timothy,Martin
Susan,Johnson
Amanda,Campbell
Daniel,Campbell
Kimberly,Hill
Robert,Phillips
Lisa,Taylor
George,Allen
Donna,Reyes
John,Sanchez
Stephanie,Sanchez
Joseph,Sanchez
Patricia,Hernandez
Sandra,Green
Kimberly,Johnson
Mary,Campbell
Deborah,Williams
Carol,Nguyen
Jeffrey,Turner
John,Evans
Emily,Lee
David,Clark
Margaret,Ramirez
David,Davis
Linda,Wilson
Christopher,Brown
Patricia,Edwards
Anthony,Clark
Margaret,Hill
Carol,Campbell
Kimberly,Collins
Steven,Turner
Patricia,Young
Amanda,Jones
Sharon,Edwards
Brian,Rodriguez
David,Rodriguez
Susan,Miller
Carol,Thompson
Betty,Gomez
Karen,Rivera
Deborah,Turner
Sharon,Hall
Gary,Rodriguez
Sarah,Torres
Jeffrey,Wilson
Sarah,Robinson
Kimberly,Lewis
Charles,Sanchez
Sharon,Robinson
Ryan,Evans
Kathleen,Anderson
Kathleen,Morris
Andrew,Sanchez
Paul,Cruz
James,Allen
Stephanie,Cruz
George,Campbell
Richard,Miller
Dorothy,Jackson
William,Jackson
Linda,Nelson
Donald,Clark
George,Robinson
Dorothy,Miller
Donna,Gomez
Brian,White
Melissa,Reyes
Christopher,Gomez
Joshua,Martinez
Nancy,Johnson
Karen,Hernandez
Dorothy,King
David,White
George,Walker
Lisa,Perez
Paul,Rodriguez
Emily,Nguyen
James,Parker
Carol,Rodriguez
Cynthia,Martin
Charles,Wilson
Lisa,King
Carol,Evans
Brian,Hill
Nancy,Campbell
Deborah,Campbell
Richard,Cruz
Jessica,Evans
James,Cruz
Kevin,Hill
Jessica,Morris
Stephanie,Martin
Jeffrey,Martin
Jason,Cruz
Matthew,Adams
Nancy,Miller
Thomas,Nelson
Jeffrey,Young
Kathleen,Diaz
Linda,Green
Brian,Morris
Donna,Ramirez
Laura,Rivera
Charles,Johnson
David,Hernandez
James,Green
Margaret,Rodriguez
Kimberly,Lopez
William,Lewis
Susan,Clark
Gary,Allen
Cynthia,Morris
Christopher,Thomas
Cynthia,Harris
Carol,King
Michelle,Walker
Donna,Perez
Stephanie,Campbell
Kimberly,Green
Christopher,Hall
Mary,Thompson
Andrew,Nguyen
Margaret,Taylor
Dorothy,Nguyen
Sharon,Jones
John,Smith
Deborah,Morris
Brian,Harris
Richard,Clark
Ronald,Harris
Donna,Sanchez
Mary,Rivera
Mary,Adams
Gary,Thomas
Gary,Diaz
Mark,Gonzalez
Kenneth,Martinez
Thomas,White
Deborah,Edwards
Kenneth,Gonzalez
Amanda,Davis
Patricia,Lopez
Jessica,Jackson
Joshua,Anderson
Richard,Hill
Jason,Collins
Anthony,Rodriguez
Mark,Edwards
Karen,Harris
Daniel,Gomez
Joshua,Phillips
Amanda,Thomas
Michelle,Flores
Sandra,Cruz
Michelle,Williams
Gary,Davis
James,Stewart
Nancy,Adams
Mary,Johnson
Ashley,Cruz
Thomas,Allen
Richard,Gomez
Andrew,Hill
Richard,Allen
Jacob,Robinson
Ronald,Perez
Dorothy,Gomez
David,Martinez
Steven,Collins
Charles,Harris
Mark,Baker
William,Parker
Timothy,Clark
Jason,Jones
Jacob,Hill
Nancy,Harris
Kathleen,Lee
Ryan,Davis
Daniel,Phillips
James,Davis
Lisa,Smith
Donald,Phillips
Brian,Scott
Kevin,Davis
Emily,Taylor
David,Anderson
Christopher,Jones
Mark,Parker
Kathleen,Hall
Jessica,Rodriguez
Sarah,Lopez
Michelle,Lewis
Steven,Nelson
Ryan,Anderson
Nancy,Jackson
Steven,Baker
Sarah,Hill
Jessica,Reyes
Sarah,Carter
William,Collins
Nancy,Rodriguez
Carol,Miller
Daniel,Cruz
Ronald,Williams
Nancy,Evans
Kimberly,Thomas
Donald,Adams
Paul,King
Nancy,Nelson
Jason,Jackson
Patricia,Robinson
David,Torres
Margaret,Martinez
Cynthia,Allen
Donald,Gomez
Joseph,Thompson
Donna,Wilson
Stephanie,Anderson
Mary,Moore
Kenneth,Scott
Robert,King
Melissa,Moore
James,White
Elizabeth,Smith
Michelle,Phillips
Sandra,Campbell
Paul,Campbell
John,Carter
Ryan,Torres
Mark,Rodriguez
Timothy,Evans
Melissa,Parker
Amanda,Green
Anthony,Lewis
Kimberly,White
Susan,Hernandez
Linda,Torres
Jason,Lopez
Deborah,Thompson
Edward,Lewis
Cynthia,Gomez
Jeffrey,White
Karen,Brown
Cynthia,Smith
Daniel,Smith
Kenneth,Adams
Donald,Sanchez
Susan,Anderson
Timothy,Hill
Karen,Flores
Sharon,Mitchell
Cynthia,Garcia
Kenneth,Turner
Kathleen,Perez
Thomas,Edwards
Kathleen,Walker
Gary,Evans
Melissa,Anderson
Ronald,Lee
Ryan,Flores
Christopher,Roberts
Sandra,Robinson
Jeffrey,Miller
David,Robinson
Deborah,Wilson
Michael,Johnson
Charles,Rodriguez
Jennifer,Allen
Charles,Stewart
Thomas,Hall
Kathleen,Ramirez
Elizabeth,Ramirez
Kimberly,Thompson
Dorothy,Lee
Betty,Davis
Timothy,Carter
Sandra,Jackson
Richard,Sanchez
Richard,Reyes
James,Hall
Paul,Collins
John,Nguyen
Gary,Green
Daniel,Anderson
James,Rivera
Barbara,Edwards
Christopher,Williams
Joseph,Wilson
Barbara,Campbell
Joshua,Gonzalez
Laura,Miller
Carol,Hernandez
Joshua,Carter
Kathleen,Brown
Donald,Martinez
Christopher,Nelson
Jennifer,Hernandez
Cynthia,Flores
Elizabeth,Lee
Christopher,Garcia
Thomas,Harris
Emily,Morris
Susan,Smith
Jessica,Thompson
Kevin,Stewart
Ronald,Smith
Daniel,Mitchell
John,Hernandez
Daniel,Green
Patricia,Gonzalez
Sandra,Hill
Emily,Smith
Sarah,Brown
Edward,Jackson
Jacob,Rivera
Patricia,Smith
Mark,Diaz
Andrew,Nelson
Sarah,Flores
Amanda,Johnson
William,Clark
Karen,Moore
Edward,Flores
Paul,Diaz
Stephanie,Perez
Donna,Morris
Emily,Sanchez
Kevin,Roberts
Richard,Green
Amy,Allen
Dorothy,Hall
Stephanie,Thomas
Emily,Diaz
Sharon,Green
Brian,Mitchell
Anthony,Stewart
Carol,Thomas
John,Flores
Ryan,Gonzalez
Donna,Adams
Mary,Ramirez
Ronald,Brown
Joseph,Torres
Melissa,Morris
Karen,Baker
Matthew,Thomas
Emily,Perez
Richard,Carter
Jeffrey,King
Sarah,Garcia
Barbara,Jackson
David,Williams
Rebecca,Hall
Paul,Morris
Stephanie,Lewis
Kimberly,Allen
Thomas,Lee
Donna,Allen
Joseph,Stewart
Donald,Smith
Dorothy,Phillips
Timothy,Rivera
Elizabeth,King
Jessica,Diaz
Lisa,Edwards
Christopher,Cruz
Barbara,Roberts
Susan,Williams
Daniel,Carter
Thomas,Reyes
Emily,Green
Michael,Williams
Deborah,Torres
Richard,Diaz
Christopher,Campbell
Betty,Hernandez
Amy,Gomez
Paul,Evans
Laura,Collins
Mark,Hill
Joshua,Morris
William,Cruz
Jennifer,King
Amanda,Perez
Jeffrey,Perez
Dorothy,Scott
Rebecca,Harris
George,Collins
Daniel,Hernandez
Jeffrey,Allen
Betty,Mitchell
Deborah,King
Andrew,Thompson
Emily,Moore
Stephanie,Diaz
Linda,Lewis
George,Lewis
Kathleen,Taylor
Andrew,Roberts
John,Diaz
Gary,Johnson
Paul,White
Patricia,Cruz
Carol,Williams
David,Wright
Michael,Thompson
Emily,Rivera
Lisa,Robinson
Anthony,Wright
Sharon,Davis
Lisa,Young
Sandra,Turner
Daniel,Evans
Joseph,Davis
Joshua,Moore
Anthony,Scott
Gary,King
Rebecca,Baker
Amanda,Edwards
Daniel,Parker
Kevin,Wright
Cynthia,Ramirez
Edward,Mitchell
Christopher,Carter
Gary,Miller
Susan,Robinson
Barbara,Martin
Amanda,Roberts
Amanda,Rivera
James,Thompson
Jennifer,Gomez
Jacob,Williams
Lisa,Hill
Betty,Evans
Andrew,Torres
Robert,Anderson
Kathleen,Robinson
Ronald,Robinson
Thomas,Wright
Betty,Edwards
Timothy,Roberts
Dorothy,Martin
Paul,Jackson
Michael,Allen
Patricia,Evans
Sarah,Nguyen
Jacob,Perez
Michael,Taylor
Deborah,Gonzalez
Sandra,Jones
Mark,Mitchell
Jennifer,Reyes
Karen,Reyes
Barbara,Walker
Ashley,Davis
Andrew,Gonzalez
Andrew,Anderson
Laura,Gomez
Ronald,Ramirez
Michael,Lopez
Sandra,Torres
Stephanie,White
Stephanie,Lee
Steven,Rivera
Jacob,Smith
Lisa,Thompson
Ashley,Brown
Edward,Clark
Christopher,Lee
Margaret,Diaz
Jacob,Allen
David,Allen
Sharon,Gonzalez
Ashley,Rodriguez
Barbara,Clark
Ryan,Roberts
Kimberly,Gomez
Jacob,Hernandez
Kimberly,Campbell
Michelle,Davis
Susan,Lewis
Cynthia,Turner
Edward,Thompson
Kenneth,Robinson
Ronald,Campbell
Timothy,White
Rebecca,White
Jason,Phillips
Kenneth,Thomas
Kathleen,White
Elizabeth,Perez
Barbara,Robinson
Ronald,Miller
Ashley,Young
Laura,Young
Susan,Parker
Robert,Carter
Matthew,Miller
Timothy,Thomas
Amanda,Carter
Ryan,Lee
Emily,Martin
Ryan,Young
George,Hill
Timothy,Anderson
Ronald,Mitchell
Joseph,Mitchell
Donald,King
Robert,Scott
Paul,Edwards
Thomas,Collins
Steven,Adams
Kathleen,Gomez
James,Taylor
Jason,King
Emily,Gomez
Gary,Wilson
Thomas,Cruz
Amanda,Hall
Andrew,Wright
Linda,Williams
Margaret,Roberts
James,Jackson
Matthew,Morris
Daniel,Rivera
Amy,Rivera
Edward,Evans
Richard,Harris
Laura,Carter
Ronald,Scott
Edward,Nelson
Carol,Lee
Daniel,Collins
Amy,Taylor
Kathleen,Adams
Karen,Diaz
Lisa,Hall
Barbara,Parker
Timothy,Williams
Matthew,Parker
Christopher,Robinson
Kimberly,Jones
Joseph,Rodriguez
Michelle,Miller
Thomas,Young
Kathleen,Thompson
Laura,King
Amy,Lee
Ronald,Garcia
Timothy,Mitchell
Carol,Roberts
Mary,Turner
Sharon,Diaz
Jeffrey,Brown
Jason,Lee
Rebecca,Campbell
Lisa,Mitchell
Kevin,Johnson
Thomas,Lewis
Jeffrey,Clark
Laura,Martin
Edward,Collins
Kenneth,Edwards
George,King
Christopher,Jackson
Lisa,Martinez
Edward,Garcia
Jennifer,Rivera
Andrew,Williams
Joshua,Allen
Lisa,Campbell
Ashley,Robinson
Timothy,Phillips
Jennifer,Miller
Matthew,Thompson
Kimberly,Edwards
Margaret,Green
Ashley,Wright
Robert,Cruz
Linda,Robinson
John,Gomez
Edward,Gomez
Laura,Smith
John,Garcia
Sandra,Roberts
James,Wright
Ronald,Edwards
Cynthia,Phillips
Jennifer,Moore
David,Flores
Margaret,Wright
William,Taylor
Sarah,Smith
Jason,Nelson
George,Sanchez
Kenneth,Clark
Donald,Lee
Mary,Anderson
Amy,Davis
Donald,Brown
Joseph,Diaz
Lisa,Gomez
Stephanie,Turner
Karen,Rodriguez
Rebecca,Brown
Anthony,Diaz
Nancy,Clark
Daniel,Davis
Donald,Williams
Timothy,Edwards
Deborah,Evans
Matthew,Rivera
Steven,Campbell
Patricia,King
Emily,Torres
Mary,Mitchell
Thomas,Davis
Lisa,Roberts
Mark,Martinez
David,Martin
Brian,Thomas
Elizabeth,Hill
Robert,Johnson
Kimberly,Scott
Charles,Hernandez
Dorothy,Stewart
Sarah,Nelson
Susan,Martin
Susan,Rodriguez
Melissa,Roberts
Gary,Ramirez
Anthony,Adams
Ryan,Diaz
James,Flores
Richard,Thomas
Andrew,Robinson
George,Martin
David,Walker
Donna,Campbell
William,Stewart
Jacob,Lewis
Mark,Anderson
Timothy,Baker
Anthony,Johnson
Mark,Torres
Mary,Jackson
James,Hill
Stephanie,Parker
Jason,Torres
Betty,Rivera
Michael,Flores
Joshua,Baker
Jessica,Miller
Michael,Miller
Christopher,Scott
James,Sanchez
Daniel,Nguyen
Elizabeth,Allen
Kevin,Moore
Jeffrey,Diaz
Ashley,Ramirez
Melissa,Martinez
Kathleen,Edwards
Sandra,Mitchell
Rebecca,Diaz
Betty,Garcia
Anthony,Edwards
Betty,Cruz
Timothy,Walker
Kimberly,Roberts
Jennifer,Sanchez
Brian,Stewart
Joshua,Nelson
Joseph,Taylor
Steven,Roberts
Anthony,Lopez
Donna,Rivera
Jason,Morris
Kathleen,Carter
Karen,Edwards
Elizabeth,Baker
John,Allen
Ryan,Martinez
Nancy,Garcia
Linda,Carter
Christopher,Perez
Steven,Cruz
Donald,Miller
Matthew,Clark
Kimberly,Smith
Michelle,Smith
Ryan,Cruz
Stephanie,Jones
Michael,Lee
Edward,Carter
Joseph,Gonzalez
Matthew,Edwards
Edward,Davis
Susan,Adams
Ronald,Baker
Susan,Mitchell
Linda,Edwards
Dorothy,Williams
Ryan,Jackson
Sandra,Johnson
Robert,Hall
Melissa,Rodriguez
Cynthia,Rodriguez
Kimberly,Morris
Karen,Hill
Matthew,Lewis
Brian,Williams
James,Lopez
Patricia,Wilson
Gary,Flores
Ronald,Lewis
Timothy,Lopez
James,Reyes
Margaret,Torres
Kathleen,Stewart
James,Moore
Paul,Hall
Brian,Brown
Brian,Lopez
Andrew,Adams
Brian,Wilson
Michelle,Sanchez
Emily,Davis
Donna,Martinez
Gary,Phillips
Kevin,Evans
Donald,Hall
Patricia,Williams
Sarah,Williams
Barbara,Wilson
Kevin,Robinson
Elizabeth,Nguyen
Laura,Rodriguez
Donald,Johnson
Sarah,Cruz
Karen,Scott
Andrew,Harris
Charles,Torres
Richard,Wilson
Melissa,Garcia
Edward,Lee
Dorothy,White
Joshua,Hall
William,Morris
David,Stewart
Mark,Williams
Joseph,Rivera
Charles,Phillips
Dorothy,Sanchez
Susan,Jackson
Lisa,Brown
Michelle,Thomas
Cynthia,Campbell
Rebecca,Perez
Joseph,White
Kenneth,Jones
Jacob,Flores
John,Campbell
Kenneth,Lee
Charles,King
Patricia,Diaz
Brian,Johnson
Patricia,Clark
Cynthia,Taylor
Barbara,Taylor
Timothy,Thompson
William,Garcia
Anthony,Moore
Sarah,Miller
Paul,Johnson
Jennifer,Campbell
Melissa,Ramirez
Lisa,Jackson
Jeffrey,Hernandez
Margaret,Phillips
Steven,Johnson
Jessica,Hill
Sharon,Wright
Christopher,Young
Steven,Edwards
Edward,Turner
Cynthia,Diaz
Andrew,Morris
Elizabeth,Parker
Ryan,Lopez
Patricia,Gomez
Daniel,Thomas
Lisa,Rivera
Steven,Scott
Ryan,Wilson
Richard,Morris
Anthony,Cruz
Karen,Nguyen
Sandra,Young
Paul,Brown
James,Robinson
Joshua,King
Jason,Walker
Kevin,Nguyen
Rebecca,Phillips
Michael,Davis
Jessica,Hernandez
Carol,Turner
Edward,Martin
Thomas,Jones
Jeffrey,Gonzalez
Daniel,Turner
Dorothy,Hernandez
Sandra,Smith
Ryan,Carter
Laura,Gonzalez
Joshua,Walker
Lisa,Gonzalez
Mark,Wright
Matthew,Ramirez
Sharon,Turner
Jacob,Gonzalez
Jeffrey,Lee
Christopher,Moore
Edward,Stewart
James,Lee
Deborah,Anderson
Richard,Adams
Lisa,Thomas
Michael,Nelson
Kenneth,Allen
Ronald,Hernandez
Ronald,Phillips
Ronald,Green
Betty,Moore
Mary,Robinson
Sandra,Martinez
Elizabeth,Cruz
Steven,Martin
Melissa,Jones
Elizabeth,Gonzalez
Ashley,Wilson
Deborah,Johnson
George,Evans
Gary,Smith
Donna,Thompson
Ashley,King
Karen,Morris
Jennifer,Baker
Deborah,Jackson
Stephanie,Young
James,Hernandez
Donna,Jackson
Michael,Hernandez
Betty,Perez
Cynthia,Robinson
Anthony,Thomas
Brian,Evans
Daniel,Allen
Ryan,Parker
David,Morris
Carol,Wilson
Matthew,Roberts
Paul,Harris
Laura,Walker
Jacob,Miller
Joseph,Martinez
Sarah,Wilson
John,Wright
Ashley,Jackson
Michelle,Anderson
Donald,Garcia
Michael,Torres
Thomas,Miller
Paul,Turner
Timothy,Diaz
Steven,Hall
Linda,Hernandez
Mary,Baker
Andrew,Taylor
Joseph,Smith
Gary,Jackson
Amy,Turner
Sharon,King
Ryan,Ramirez
Matthew,Young
Amy,Ramirez
Patricia,Carter
Jacob,Johnson
Andrew,Rivera
Kenneth,Taylor
Betty,Roberts
Jennifer,Walker
Kenneth,Brown
Margaret,Thompson
Charles,Ramirez
Matthew,Martin
Sandra,Phillips
Andrew,Collins
Paul,Lewis
Kevin,Gomez
Charles,Williams
James,Williams
Sharon,Thompson
William,Walker
Kenneth,Davis
Stephanie,Scott
Michael,Smith
Karen,Lee
Donna,Walker
Donna,Gonzalez
Ashley,Taylor
Gary,Nelson
Joshua,Williams
Donna,Thomas
Elizabeth,Reyes
Charles,Evans
Kenneth,Nguyen
Christopher,Baker
Gary,Adams
Amy,Baker
Amy,Garcia
Patricia,Phillips
Richard,White
Sarah,Allen
Melissa,Robinson
Ashley,Hernandez
Kevin,Smith
Betty,Walker
Robert,Green
Amanda,Jackson
Rebecca,Thomas
Donald,Lewis
Mark,Thomas
Lisa,Parker
Christopher,Parker
Amanda,Morris
George,Brown
Daniel,Jones
Laura,Hill
Emily,Walker
Susan,Campbell
Laura,Nguyen
Barbara,Carter
John,Thomas
Joshua,Clark
Sharon,Thomas
Kenneth,Martin
Carol,Parker
Betty,Hill
Sarah,Green
Kenneth,Diaz
Rebecca,Reyes
Jason,Williams
Kenneth,Walker
Mark,Clark
Donna,Young
Sharon,Harris
Laura,Brown
Edward,Miller
Kathleen,Scott
Carol,Lewis
Anthony,Garcia
Kenneth,Wilson
Carol,Hill
Ashley,Garcia
Gary,Scott
Gary,Perez
Laura,Lee
Andrew,Martin
Charles,Scott
Joseph,Cruz
Donald,Turner
Jennifer,Ramirez
Linda,Stewart
Melissa,Johnson
Brian,Hernandez
Kimberly,Ramirez
Edward,Harris
George,Reyes
Edward,Johnson
Ryan,Robinson
Laura,Johnson
Ashley,Thompson
Brian,Thompson
Daniel,Harris
Michelle,Edwards
Richard,Roberts
Elizabeth,Jones
Richard,Lewis
David,Baker
Ryan,Martin
Rebecca,Evans
Jason,Gomez
Jessica,Lewis
Deborah,Lee
Steven,Martinez
Robert,Harris
Steven,Harris
Jeffrey,Moore
Michael,Mitchell
Mary,Williams
Cynthia,Baker
Sarah,Taylor
Nancy,Hill
Betty,Thomas
Charles,Miller
Joseph,Hernandez
Sharon,Phillips
Edward,Sanchez
Anthony,Jones
Deborah,Mitchell
Michael,Sanchez
Joshua,Roberts
Kenneth,White
Karen,Nelson
Dorothy,Walker
George,Clark
Deborah,Collins
Carol,Baker
Ryan,Moore
Mary,Jones
Timothy,Gonzalez
Steven,Sanchez
Joshua,Lewis
Carol,Reyes
Nancy,Mitchell
James,Nelson
John,White
Brian,Gomez
Kevin,Williams
Elizabeth,Lewis
Steven,Perez
Margaret,Edwards
Andrew,Campbell
Barbara,Allen
Michelle,Harris
Ryan,Harris
Timothy,Johnson
Jason,Garcia
Emily,Martinez
Thomas,Taylor
Cynthia,Lopez
Christopher,Nguyen
David,Garcia
Brian,Carter
Sandra,Clark
Betty,Stewart
Linda,Allen
Joshua,Stewart
James,Roberts
Matthew,Torres
John,Hill
Karen,Adams
Jennifer,Scott
Gary,Garcia
Sandra,Martin
Daniel,Stewart
Jason,Clark
John,Young
Lisa,Walker
Laura,Martinez
Robert,Mitchell
Robert,Jones
Barbara,Hall
Daniel,Lopez
Jennifer,Smith
Patricia,Sanchez
Kathleen,Johnson
Michelle,Gomez
Jeffrey,Hill
Steven,Evans
Lisa,Wright
Stephanie,Hernandez
Sharon,Young
Betty,Robinson
David,Hill
Daniel,Gonzalez
Ashley,Jones
Barbara,Jones
Deborah,Miller
Patricia,Wright
Patricia,Campbell
David,Parker
Patricia,Perez
William,Young
Jacob,Wright
Melissa,Thomas
Edward,White
Kevin,Lee
Sharon,Clark
Andrew,Diaz
Ryan,Garcia
James,Perez
Sharon,Cruz
Jeffrey,Nelson
Christopher,Edwards
Jessica,Hall
Deborah,Adams
Andrew,White
Betty,Wright
Stephanie,Flores
Brian,Lewis
David,Miller
Donna,Lewis
Robert,Thomas
David,Campbell
Ronald,Lopez
Linda,Collins
Melissa,Nguyen
Kathleen,Martinez
Steven,Lee
Mary,Lee
Brian,Anderson
Thomas,Gonzalez
Mary,Wilson
Joshua,Perez
Cynthia,Sanchez
Sharon,White
Jacob,Taylor
Betty,Lewis
Jason,Parker
Susan,Walker
Joseph,Perez
Emily,Carter
Edward,Robinson
Amy,Lopez
Brian,Adams
Robert,Nguyen
Deborah,Perez
Steven,Ramirez
Michael,Baker
Rebecca,Hernandez
Kathleen,Gonzalez
Deborah,Baker
Michael,Collins
Timothy,Ramirez
Melissa,Collins
Jeffrey,Ramirez
Linda,Gomez
Amy,Lewis
Kimberly,Stewart
Margaret,Scott
Nancy,Young
Dorothy,Baker
Andrew,Smith
Daniel,Hall
Kathleen,Jackson
Karen,Cruz
Michael,White
Sharon,Johnson
Jessica,Martinez
Jessica,Rivera
Linda,Diaz
Lisa,Lopez
Mary,Nelson
Michael,Phillips
Jeffrey,Mitchell
John,Clark
Richard,Rodriguez
Linda,Rodriguez
Anthony,Reyes
Michelle,Moore
Charles,Taylor
Ryan,Nelson
Kevin,Anderson
Karen,Lopez
James,Rodriguez
David,Diaz
Andrew,Stewart
Ronald,Anderson
Dorothy,Jones
Carol,Rivera
Betty,Phillips
Paul,Moore
Jason,Campbell
Amy,Reyes
Brian,Nguyen
Barbara,Collins
Daniel,Young
Sandra,Rodriguez
Edward,Roberts
George,Thomas
Michael,Roberts
Ashley,Sanchez
Laura,Torres
Carol,Carter
Stephanie,Walker
Stephanie,Moore
Carol,White
Rebecca,Rodriguez
Ryan,Jones
Amy,Gonzalez
Deborah,Hernandez
Melissa,Gonzalez
Donald,Ramirez
Amy,Martin
Elizabeth,Campbell
Joseph,Gomez
George,Wilson
Rebecca,Young
Joshua,Collins
John,Harris
Elizabeth,Diaz
Brian,Torres
Sandra,Lopez
Mary,Flores
Charles,Gomez
Jason,Nguyen
Mark,Gomez
Robert,Gomez
Mary,Miller
Charles,Allen
Brian,Gonzalez
John,Parker
Anthony,Hall
Mary,Hill
Michael,Moore
Amanda,White
Barbara,Stewart
Linda,Jackson
Robert,Lewis
Jennifer,Morris
Amanda,Stewart
Kimberly,Nelson
Barbara,Hill
George,Baker
Robert,Moore
Michael,Parker
Ryan,Green
Kathleen,Young
Kevin,White
Amy,Perez
Jason,Sanchez
Cynthia,Roberts
Michael,Morris
George,Cruz
Donald,Cruz
Karen,Williams
Kathleen,Flores
Thomas,Stewart
Ryan,Baker
Andrew,Brown
James,Scott
Cynthia,Johnson
Karen,Phillips
Matthew,Diaz
David,Evans
Joshua,Wright
Matthew,Turner
William,Nguyen
Charles,Brown
Amy,Parker
Christopher,Miller
Gary,Nguyen
Cynthia,Evans
Deborah,Garcia
Carol,Harris
Gary,Lopez
Rebecca,Nguyen
Andrew,Mitchell
Ronald,Young
Stephanie,Martinez
Kimberly,Sanchez
David,Green
Jessica,Adams
Anthony,White
Susan,King
Margaret,Parker
Elizabeth,Carter
William,Turner
Lisa,Scott
Ryan,Smith
Mary,Martinez
Melissa,Edwards
Christopher,Martin
Joshua,Ramirez
Nancy,Sanchez
Richard,Parker
Susan,Carter
Jessica,Davis
Cynthia,Walker
Ronald,Wilson
Gary,Jones
Michael,Thomas
Linda,Thompson
Andrew,Martinez
Sandra,Harris
Matthew,Carter
Anthony,Harris
Timothy,Cruz
James,Brown
Deborah,Ramirez
Donald,Moore
Thomas,Scott
Robert,Parker
Jacob,Lee
Joshua,Flores
Amanda,Gomez
Donna,Moore
Sarah,Diaz
Edward,Thomas
James,Clark
Daniel,Martinez
Jason,Lewis
Jason,Scott
Jessica,Thomas
Jessica,Allen
Christopher,Anderson
Charles,Lopez
Andrew,Thomas
Andrew,Johnson
Timothy,Smith
Stephanie,Morris
Elizabeth,Lopez
Barbara,Perez
Andrew,Lopez
Laura,Garcia
William,Smith
Barbara,Rodriguez
Susan,Perez
Laura,Stewart
Jeffrey,Thomas
Daniel,Torres
Kevin,Thomas
Kathleen,Parker
Amanda,Torres
Ryan,Nguyen
Karen,White
Nancy,Hall
Amy,Robinson
Robert,Wright
Karen,Johnson
Ryan,Taylor
Timothy,Reyes
Timothy,Wilson
Kevin,Cruz
Mark,Nelson
Rebecca,Gomez
Jason,Young
Jessica,Martin
Emily,Ramirez
Sarah,Thompson
Susan,Roberts
Elizabeth,Brown
Kathleen,Thomas
George,Edwards
Dorothy,Garcia
Gary,White
Donald,Stewart
Dorothy,Nelson
Michael,Green
Paul,Miller
Linda,Taylor
Emily,Edwards
Patricia,Martin
Matthew,Mitchell
Gary,Taylor
Steven,Garcia
Ronald,Nguyen
Susan,Flores
Deborah,Moore
Christopher,White
Karen,Davis
Gary,Moore
Susan,Phillips
Ronald,Evans
Linda,Jones
Ashley,Collins
Elizabeth,Jackson
James,Evans
Ryan,Thompson
Amy,Torres
Betty,Jackson
Matthew,Gonzalez
Cynthia,Davis
Barbara,Baker
John,Green
Jacob,Martin
Edward,Campbell
Andrew,Clark
Margaret,Smith
Kimberly,Walker
Andrew,Young
Jessica,Williams
Robert,Jackson
Amanda,Allen
Lisa,Ramirez
Richard,Jones
Laura,Phillips
Emily,Lewis
George,Carter
Ronald,Carter
Laura,Adams
Sharon,Walker
Deborah,Allen
Amy,Hall
Rebecca,Davis
Andrew,Parker
Paul,Young
Donald,Thompson
Daniel,Lewis
Paul,Jones
Jacob,Diaz
Richard,Hall
Edward,Scott
Betty,Miller
Mark,Lewis
Paul,Hill
Ryan,Reyes
Linda,Anderson
Jeffrey,Nguyen
Robert,Roberts
Richard,Edwards
Barbara,Brown
James,Martinez
Sarah,Reyes
Steven,Moore
Nancy,Allen
Elizabeth,Thompson
Rebecca,Clark
Edward,Parker
Kenneth,Smith
Jennifer,Green
Joshua,Taylor
Rebecca,Turner
Stephanie,Roberts
Charles,Nguyen
Thomas,Turner
Sandra,Davis
Amy,Clark
Jason,Gonzalez
Thomas,Clark
Donna,Nelson
Betty,Harris
Amanda,Baker
Lisa,Nelson
Joshua,Miller
Kimberly,Martinez
William,Campbell
Kenneth,Garcia
Anthony,Miller
Lisa,Lewis
Paul,Thompson
Robert,Miller
Joseph,Hall
Betty,Nguyen
Cynthia,Moore
Richard,Turner
Kimberly,Phillips
Sarah,Roberts
Thomas,Rodriguez
Christopher,Mitchell
Kimberly,Wright
Robert,Sanchez
Nancy,Hernandez
Betty,Lee
William,Rodriguez
Michelle,King
Daniel,Wright
Jason,Wilson
Joseph,Jones
Mark,Nguyen
Thomas,Lopez
Donna,Lee
Kenneth,Green
Sharon,Hernandez
Steven,Nguyen
Amy,Phillips
Michelle,Gonzalez
Ashley,Perez
Kevin,Garcia
Ryan,Gomez
Timothy,Lee
Susan,Hill
Sharon,Collins
Edward,Martinez
Matthew,Hernandez
Laura,Wright
Daniel,Williams
Andrew,Flores
Richard,Davis
Joshua,Young
Patricia,Hall
Kevin,Collins
David,Jones
Jessica,Wilson
Thomas,Smith
David,Nguyen
Barbara,Moore
Joshua,Campbell
Melissa,Perez
Brian,Moore
Kimberly,Young
Karen,Jackson
Sharon,Roberts
Kenneth,Evans
Lisa,Green
Jennifer,Jones
Jessica,Walker
Kathleen,Green
Steven,Gomez
Jeffrey,Evans
Joshua,Edwards
Barbara,Lee
Stephanie,Carter
William,Reyes
Elizabeth,Morris
Stephanie,Reyes
Steven,Green
Charles,Collins
Gary,Parker
Emily,Baker
Michael,Reyes
Cynthia,Jones
Charles,Young
Deborah,Wright
Richard,Johnson
Patricia,Moore
Robert,Garcia
Daniel,Moore
George,Jackson
Thomas,Baker
Jacob,Harris
Cynthia,Carter
Cynthia,Gonzalez
George,Perez
Emily,Hall
Rebecca,Wilson
Amy,Mitchell
Kimberly,Perez
Sandra,Nelson
Donna,Scott
Carol,Martin
Edward,Hernandez
Nancy,Williams
Timothy,Flores
Melissa,Green
Paul,Nguyen
Carol,Jackson
Joshua,Thompson
Kevin,Parker
Nancy,Reyes
Susan,Jones
Jessica,Wright
William,Gonzalez
Gary,Roberts
John,Walker
Amanda,Mitchell
Amy,Hernandez
Rebecca,Stewart
Linda,Davis
Jacob,Hall
Margaret,Anderson
Ronald,Collins
Nancy,Gomez
Jennifer,Evans
David,Johnson
Andrew,Jones
Melissa,Allen
Timothy,Robinson
Elizabeth,Anderson
Linda,Cruz
Michael,Walker
Amanda,Phillips
Laura,Anderson
Linda,Flores
Nancy,Davis
Jennifer,Harris
Joshua,Turner
Anthony,Baker
Matthew,Collins
Barbara,Hernandez
Lisa,Davis
Mary,Nguyen
Sandra,Brown
Jacob,Morris
Jennifer,Adams
Rebecca,Hill
Joshua,Wilson
Mark,Campbell
John,Davis
Karen,Campbell
Thomas,Walker
Margaret,Jones
Donald,Harris
Linda,Rivera
Jeffrey,Edwards
Emily,Harris
Nancy,Lopez
Paul,Robinson
Amanda,Lee
Betty,Rodriguez
Susan,Gonzalez
Kimberly,Robinson
Elizabeth,Roberts
Jacob,Cruz
Gary,Martinez
Charles,Parker
Melissa,Mitchell
William,Roberts
Michelle,Young
Ryan,Scott
Jeffrey,Johnson
Ashley,Flores
Betty,Brown
Nancy,Gonzalez
Lisa,Garcia
Jennifer,Collins
William,Hill
Richard,Martinez
Daniel,Edwards
Andrew,Wilson
Donald,Carter
Lisa,Miller
Joshua,Jackson
Sharon,Jackson
Daniel,Thompson
Steven,Wilson
Daniel,Roberts
Ryan,King
Mary,Smith
Stephanie,Jackson
Kathleen,Wilson
Jason,Smith
Margaret,Clark
Thomas,Carter
Joshua,Parker
Andrew,Hernandez
Dorothy,Turner
Jacob,Nelson
Barbara,Smith
Kimberly,Brown
Emily,Gonzalez
Mary,Reyes
Emily,Turner
Jeffrey,Jackson
Steven,Taylor
Andrew,Walker
Rebecca,Miller
Edward,Wilson
Deborah,Cruz
Robert,Nelson
Donna,Brown
Sarah,Wright
Daniel,Hill
Stephanie,Wilson
Donald,Rodriguez
Betty,Green
Kevin,Adams
Deborah,Reyes
Ashley,Gomez
Amy,Johnson
Jennifer,Diaz
Patricia,Stewart
Thomas,Campbell
Susan,Evans
Amy,Harris
Kevin,Miller
James,Garcia
Andrew,Cruz
Barbara,Harris
Karen,Robinson
Matthew,Nguyen
Anthony,Brown
Jeffrey,Adams
Linda,Campbell
Timothy,Wright
David,Perez
Michelle,Johnson
Michelle,Evans
Joseph,Adams
George,Flores
Stephanie,Nguyen
Anthony,Evans
David,Lewis
Mark,Johnson
Jason,Green
Joseph,Scott
Ronald,Gomez
Brian,Allen
William,Mitchell
Jessica,King
Kenneth,Lopez
Donald,Taylor
Jessica,Ramirez
Kimberly,Mitchell
Richard,Collins
Robert,Campbell
Thomas,Williams
Carol,Hall
Anthony,Anderson
Amanda,Hill
Dorothy,Lopez
Carol,Mitchell
Emily,Brown
Daniel,Martin
Jacob,Roberts
Jacob,Carter
William,Wilson
Mary,Phillips
Dorothy,Thomas
Melissa,Carter
Elizabeth,Robinson
Michelle,Reyes
Linda,Morris
Ryan,Wright
Lisa,Nguyen
Melissa,Thompson
Kevin,Walker
Donna,Baker
Karen,Walker
Brian,Garcia
Gary,Reyes
Kevin,Martinez
Ronald,Rodriguez
Carol,Smith
Nancy,Baker
Sandra,Gonzalez
Kevin,Lewis
Barbara,Nelson
Carol,Young
Sandra,Stewart
Jason,Rodriguez
Jessica,Turner
John,Williams
Dorothy,Carter
Timothy,Parker
Steven,White
Amanda,Parker
Nancy,Thompson
Jessica,Clark
John,Roberts
Gary,Harris
Susan,Gomez
Michael,Gomez
Steven,Jackson
Margaret,Nguyen
John,Johnson
Sandra,Taylor
Cynthia,Anderson
Margaret,Young
Ashley,Diaz
Brian,Martin
Charles,Rivera
Patricia,Morris
Kimberly,Clark
Kathleen,Moore
Matthew,Reyes
Amanda,King
Jennifer,Edwards
Christopher,Flores
Margaret,Turner
Charles,Martin
Elizabeth,White
Carol,Jones
Robert,Torres
David,Moore
Matthew,Jackson
James,Walker
John,Collins
Laura,Clark
Ashley,Miller
Emily,Flores
Elizabeth,Martinez
Anthony,Morris
Ashley,Phillips
Donald,White
Ashley,Reyes
Kimberly,Martin
Jeffrey,Hall
Nancy,Robinson
Carol,Torres
Stephanie,Green
Susan,Harris
Deborah,Green
Timothy,Young
Andrew,Rodriguez
Nancy,White
Emily,Young
Lisa,Collins
Sarah,Hernandez
Betty,White
James,Collins
Paul,Clark
Matthew,Davis
Kevin,Mitchell
Melissa,Young
Daniel,Adams
Amy,Nguyen
Andrew,Moore
Laura,Parker
Joseph,Collins
Charles,Campbell
Timothy,Adams
Matthew,Harris
Ashley,Roberts
Steven,Stewart
Carol,Stewart
Matthew,Gomez
Thomas,Sanchez
George,Harris
Ronald,Martinez
Ashley,Adams
Kathleen,Allen
Ryan,Perez
Cynthia,Brown
Edward,Hill
Betty,Thompson
Carol,Davis
Andrew,Davis
Michelle,Adams
Melissa,Hall
Ryan,Hill
Steven,Morris
Joseph,Lewis
David,Turner
Rebecca,Roberts
Thomas,Rivera
Mary,Gomez
Patricia,Garcia
Dorothy,Wilson
Jacob,Reyes
Michelle,Turner
Nancy,Martinez
Charles,Garcia
Ronald,Gonzalez
Ashley,Smith
Mark,Robinson
Dorothy,Young
Barbara,Mitchell
Kenneth,Roberts
Kevin,Morris
Anthony,Turner
Sharon,Campbell
Michael,Young
Steven,Wright
Paul,Taylor
John,Stewart
Edward,Smith
Margaret,Lewis
William,Nelson
Nancy,Moore
Linda,Sanchez
Carol,Flores
Melissa,Smith
Donald,Scott
Timothy,Nelson
Michelle,Cruz
Paul,Reyes
Richard,Wright
Jason,Hill
Kenneth,Anderson
Ashley,Martin
Margaret,Stewart
Charles,Smith
Margaret,Johnson
Sandra,Lee
Karen,Evans
Jennifer,Taylor
Carol,Adams
Edward,Perez
Dorothy,Clark
Stephanie,Hall
Margaret,Robinson
Mary,Diaz
Rebecca,Moore
Laura,Green
Michael,Hill
Margaret,Davis
Lisa,Torres
Nancy,Parker
Edward,Reyes
Christopher,Adams
Donna,Nguyen
Lisa,White
George,Ramirez
Mark,Brown
Donald,Robinson
Emily,White
Dorothy,Parker
Thomas,Torres
Betty,Turner
Melissa,Walker
Deborah,Phillips
Brian,Nelson
Patricia,Flores
Thomas,Parker
Laura,Reyes
Anthony,Parker
William,Sanchez
Cynthia,Mitchell
Richard,Anderson
Margaret,Mitchell
Thomas,King
Karen,Clark
Kevin,King
Charles,Diaz
Sandra,Moore
Christopher,Smith
Steven,Anderson
Lisa,Stewart
Sharon,Reyes
Anthony,Hill
Richard,Williams
Michael,Brown
Paul,Williams
Susan,Green
Margaret,Gomez
Patricia,Anderson
Patricia,Roberts
Rebecca,Gonzalez
Dorothy,Green
Kimberly,King
John,Thompson
Joseph,Evans
Rebecca,Taylor
Emily,Mitchell
Daniel,Sanchez
Andrew,Scott
Dorothy,Morris
Robert,Perez
Jeffrey,Davis
Stephanie,Stewart
Susan,Diaz
Stephanie,Baker
Michael,Anderson
Sharon,Williams
David,Ramirez
Jacob,Walker
Stephanie,Miller
Ashley,Clark
Sandra,Hernandez
Amy,Campbell
Ashley,Gonzalez
Betty,Torres
Sandra,Wilson
Jennifer,Gonzalez
Stephanie,Evans
Jeffrey,Green
Susan,Torres
Amy,Anderson
Ashley,Lopez
Daniel,Nelson
Amanda,Diaz
Linda,Young
Kevin,Hernandez
Matthew,Rodriguez
Matthew,White
Karen,Collins
Jennifer,Cruz
Matthew,Hall
Donald,Morris
Margaret,Collins
Kenneth,Stewart
Karen,Gomez
Christopher,Lewis
James,Ramirez
Emily,King
Betty,Johnson
Betty,Baker
Rebecca,Martin
Anthony,Gomez
Barbara,Wright
Patricia,Walker
Sharon,Gomez
Jason,Roberts
David,Harris
Kevin,Reyes
Nancy,Martin
Susan,Morris
Mark,Wilson
Donald,Wilson
Timothy,Campbell
Mary,King
Lisa,Harris
George,Nelson
Karen,Sanchez
Susan,Collins
Mary,Collins
Steven,Lopez
Edward,Rivera
Kenneth,Sanchez
Michael,Perez
Sarah,Adams
Sandra,Parker
Mark,Allen
Michael,Robinson
Jennifer,Wilson
Margaret,King
Cynthia,Cruz
Rebecca,Allen
George,Stewart
Anthony,Thompson
Patricia,Nguyen
Jason,White
Thomas,Morris
Jennifer,Brown
Jessica,Perez
Matthew,Smith
Michelle,Lee
John,Hall
Anthony,Nelson
Carol,Sanchez
Kevin,Campbell
Amy,King
Rebecca,Lee
Nancy,Taylor
Elizabeth,Williams
Charles,Jackson
Christopher,Wilson
Betty,Parker
Carol,Martinez
Anthony,Phillips
Paul,Hernandez
Thomas,Gomez
Michelle,Martin
James,Thomas
Charles,Carter
Jennifer,Jackson
Rebecca,Johnson
Jennifer,Robinson
Mary,Carter
Joseph,Hill
Sarah,Davis
Kevin,Torres
Betty,Allen
Donna,Stewart
Paul,Ramirez
Deborah,Nguyen
Charles,Thomas
Laura,Lopez
Jacob,Thomas
Barbara,Thompson
Amy,Williams
Mark,Morris
Jeffrey,Scott
Jennifer,Thompson
Donald,Young
Dorothy,Rodriguez
Mark,Young
Nancy,Collins
Steven,Hill
Stephanie,Phillips
Dorothy,Moore
Donna,Johnson
Michelle,Robinson
Jennifer,Hall
Jennifer,Hill
Sandra,Reyes
Patricia,Adams
Ashley,Moore
Gary,Williams
Jennifer,Johnson
Edward,Torres
Gary,Baker
Michelle,Clark
Sharon,Nelson
Barbara,Morris
Amanda,Nguyen
Karen,Garcia
Anthony,Roberts
Deborah,Hall
Stephanie,King
Amanda,Rodriguez
Kathleen,Hill
Amanda,Wright
Emily,Wright
Jennifer,Lee
Joseph,Jackson
Brian,Rivera
Elizabeth,Young
Joshua,Hernandez
John,Lewis
Jeffrey,Lewis
Carol,Green
David,Young
Elizabeth,Garcia
Kevin,Martin
Karen,Jones
Carol,Wright
Gary,Thompson
Lisa,Morris
Michael,Hall
Michael,Garcia
Sarah,Sanchez
Sharon,Stewart
Susan,Baker
Stephanie,Hill
Robert,Hill
Joshua,Diaz
Donna,Roberts
Sarah,Stewart
Donna,Turner
David,Thompson
Matthew,Anderson
Sharon,Wilson
Karen,Torres
Jeffrey,Rodriguez
Deborah,Rivera
Rebecca,Walker
Jeffrey,Lopez
Sarah,Phillips
Andrew,Lee
Jacob,Campbell
James,Anderson
Cynthia,Nelson
Matthew,Johnson
Ashley,Nelson
Lisa,Martin
Steven,Jones
Jessica,Flores
James,Edwards
Sandra,Perez
Susan,Sanchez
Kevin,Hall
Barbara,Evans
James,Adams
Kenneth,Hill
Matthew,Baker
Betty,Carter
Donna,Anderson
Patricia,Taylor
Elizabeth,Wright
Sandra,Carter
Christopher,Thompson
Joseph,Nguyen
Elizabeth,Davis
Michael,Lewis
Kevin,Perez
James,Morris
Edward,Ramirez
Donald,Jones
Cynthia,Williams
Karen,Lewis
Susan,Brown
Joseph,Miller
Sandra,Edwards
Cynthia,Lee
Laura,Jackson
Ryan,Clark
Carol,Moore
Jessica,Gomez
Amanda,Robinson
Daniel,Rodriguez
Barbara,Diaz
Paul,Nelson
James,King
Joshua,Hill
David,Lee
Jeffrey,Morris
Mary,Rodriguez
Mary,Allen
Lisa,Evans
Joseph,Phillips
Barbara,Lopez
Richard,King
Daniel,Jackson
Rebecca,Morris
Edward,Williams
Nancy,Turner
Jason,Rivera
Christopher,Reyes
Barbara,Martinez
Steven,Clark
Jason,Miller
Charles,Perez
Thomas,Roberts
Joshua,Adams
Linda,Perez
Jason,Ramirez
Lisa,Flores
George,Hall
Cynthia,Torres
Andrew,Gomez
Nancy,Edwards
Rebecca,Lewis
George,Gomez
Anthony,Ramirez
William,Baker
Kimberly,Lee
Donna,Davis
William,Perez
Jeffrey,Collins
Mary,Hernandez
Sharon,Miller
Jeffrey,Parker
Kevin,Jones
Amanda,Nelson
George,Martinez
Jennifer,Martin
Nancy,Thomas
Jason,Evans
Donna,Parker
Mary,Torres
Kenneth,Phillips
Linda,Thomas
Jacob,Parker
Donna,Hernandez
Kevin,Green
Robert,Martinez
Ronald,Parker
Emily,Rodriguez
Sharon,Lopez
Linda,Reyes
Barbara,Cruz
Joshua,Harris
Deborah,Diaz
Joseph,Walker
Betty,Reyes
Barbara,Rivera
Karen,Ramirez
John,Rodriguez
Nancy,Torres
Daniel,Johnson
Amanda,Lopez
Laura,Moore
Kevin,Nelson
Amy,Carter
Ryan,Hernandez
Melissa,Diaz
Susan,Edwards
Ronald,King
Joshua,Jones
Laura,Cruz
Steven,Hernandez
William,Harris
Cynthia,Miller
Dorothy,Campbell
Deborah,Harris
Dorothy,Smith
Jeffrey,Sanchez
Margaret,Rivera
Kenneth,Rodriguez
Jacob,Clark
Richard,Garcia
Margaret,White
Sharon,Rivera
Elizabeth,Mitchell
Patricia,Turner
Dorothy,Davis
Robert,Lopez
Jessica,Scott
Jacob,Jackson
Kathleen,Collins
Mark,Phillips
Karen,Wright
Michelle,Scott
Ryan,Edwards
Ronald,Jackson
Rebecca,Carter
Michael,Adams
Sarah,Campbell
Donna,Torres
Dorothy,Thompson
Jeffrey,Smith
Michelle,Diaz
Ronald,Walker
Kathleen,Evans
Emily,Jackson
Deborah,Roberts
Mark,Turner
Patricia,Thomas
Ryan,Campbell
Rebecca,Smith
Joshua,Cruz
Linda,Turner
Emily,Parker
Anthony,Martin
Nancy,Wright
Gary,Cruz
Jacob,Lopez
Elizabeth,Phillips
Elizabeth,Turner
Steven,Mitchell
Mark,Reyes
Melissa,Lee
Jeffrey,Baker
Jacob,King
Thomas,Hill
George,Thompson
Thomas,Adams
Karen,Parker
Patricia,Collins
Jessica,Jones
Kevin,Young
Dorothy,Hill
Lisa,Jones
Kimberly,Anderson
Jessica,Green
Jeffrey,Flores
Thomas,Flores
Laura,Edwards
Daniel,Morris
Mark,Miller
Emily,Johnson
Donna,Mitchell
Elizabeth,Clark
Emily,Anderson
Matthew,Williams
Paul,Smith
Brian,Jones
John,Perez
Susan,Taylor
Kenneth,Torres
Ronald,Clark
Nancy,Phillips
Sharon,Carter
John,Reyes
John,Rivera
Betty,Lopez
Michael,Campbell
William,Edwards
Linda,Parker
Kathleen,Rodriguez
John,Scott
Paul,Sanchez
Thomas,Wilson
Linda,Miller
Melissa,Hill
Linda,Nguyen
Anthony,Lee
Robert,Turner
Kevin,Lopez
Kenneth,Harris
Melissa,Brown
Barbara,Johnson
Anthony,Collins
Ryan,Morris
Thomas,Johnson
Ronald,Jones
Charles,Clark
Kevin,Turner
Deborah,Thomas
Michael,Wilson
Margaret,Adams
Ashley,Hall
Melissa,Jackson
Amanda,Young
Gary,Edwards
Barbara,Lewis
Rebecca,King
Karen,Taylor
Cynthia,Clark
Michael,Wright
Christopher,Ramirez
Edward,Wright
Matthew,Cruz
Deborah,Smith
Karen,King
Donna,Rodriguez
Joseph,Moore
William,Phillips
Charles,Robinson
Mark,Sanchez
Amanda,Walker
Linda,Adams
Steven,Torres
Thomas,Robinson
Ronald,Davis
Robert,Martin
George,White
Mark,Perez
Patricia,White
Edward,Allen
Michael,Clark
Kevin,Edwards
Ronald,Thomas
Robert,Taylor
Amy,Thomas
Laura,Sanchez
Michelle,Campbell
Michelle,Baker
David,Wilson
Paul,Phillips
Richard,Scott
Amanda,Turner
Anthony,Young
Donna,King
Patricia,Lee
George,Williams
Mary,Cruz
Kimberly,Reyes
Timothy,Jackson
David,Edwards
Betty,Sanchez
Dorothy,Torres
Michelle,Nelson
Steven,Thomas
Dorothy,Taylor
Michael,Rodriguez
Steven,Reyes
Cynthia,Wright
Robert,Davis
Ashley,Parker
Jason,Wright
Jacob,Baker
William,Flores
Michael,Jones
Brian,Miller
Jacob,Scott
Sandra,Williams
Ryan,Stewart
Jason,Reyes
Christopher,Gonzalez
Daniel,Taylor
Christopher,Phillips
Matthew,King
Lisa,Baker
Betty,Gonzalez
Jessica,Lee
Andrew,Ramirez
Elizabeth,Thomas
Timothy,Hall
Sandra,Wright
Patricia,Brown
Donald,Gonzalez
Michael,Martinez
Michelle,Rodriguez
Joseph,Harris
Betty,Martinez
Stephanie,Torres
Michael,Cruz
Sarah,Parker
Dorothy,Adams
Mark,Martin
Karen,Martinez
Jacob,Gomez
George,Scott
Emily,Reyes
Jacob,Brown
Laura,Lewis
Melissa,Baker
Brian,Roberts
Ryan,Lewis
Robert,Morris
Stephanie,Gomez
Charles,Roberts
Thomas,Martin
Carol,Gonzalez
Ronald,Adams
Timothy,Brown
Jason,Thomas
Thomas,Moore
Kenneth,Jackson
Amy,Wilson
Sarah,Gomez
William,Martin
Gary,Rivera
Mark,Ramirez
Kathleen,Sanchez
Ashley,Johnson
Susan,Wilson
Amanda,Moore
Sarah,King
Cynthia,Stewart
Ronald,Wright
David,Roberts
Sarah,Rivera
Laura,Wilson
Paul,Garcia
Richard,Moore
Donna,Garcia
Lisa,Hernandez
Emily,Lopez
William,Rivera
Kevin,Wilson
Mary,Clark
Karen,Thompson
Emily,Stewart
Charles,Reyes
Kenneth,Nelson
Stephanie,Harris
George,Roberts
Donna,Clark
Patricia,Scott
Sharon,Flores
Donald,Torres
Sarah,Martin
John,Nelson
Sarah,Hall
Sarah,Evans
Richard,Torres
Steven,Diaz
Anthony,Davis
Dorothy,Rivera
Lisa,Anderson
Brian,Lee
Ronald,White
Melissa,Gomez
Ronald,Reyes
Ronald,Stewart
Matthew,Wright
William,White
Ryan,Walker
Christopher,Rodriguez
Jacob,Martinez
Emily,Garcia
Joshua,Johnson
William,Wright
Amanda,Ramirez
Robert,Walker
Deborah,Robinson
Susan,Stewart
David,Sanchez
Patricia,Parker
Margaret,Flores
Melissa,King
George,Hernandez
Elizabeth,Edwards
John,Martinez
Anthony,Jackson
Dorothy,Robinson
Dorothy,Perez
Susan,Allen
Robert,Wilson
Ryan,White
Nancy,Cruz
Kevin,Flores
Donald,Rivera
Thomas,Garcia
Matthew,Flores
Amanda,Anderson
Deborah,Carter
Joshua,Lee
Carol,Edwards
Melissa,Lopez
Lisa,Wilson
Kevin,Rodriguez
Sandra,Anderson
Amanda,Brown
Paul,Lopez
Thomas,Brown
Gary,Gonzalez
Michelle,Wilson
Ryan,Sanchez
Gary,Torres
Mark,Scott
Gary,Stewart
Jessica,Parker
Donald,Baker
Daniel,Miller
Brian,Wright
George,Davis
Andrew,Garcia
Mary,Taylor
Kenneth,Hall
Kathleen,Jones
Charles,Anderson
Laura,Baker
Linda,Phillips
Christopher,Hill
Andrew,Allen
Sandra,Miller
Jennifer,White
Anthony,Walker
Michelle,Nguyen
Nancy,Green
Donald,Wright
Edward,Hall
John,Gonzalez
Margaret,Harris
Jessica,Anderson
Daniel,Clark
Amy,Jones
Charles,Jones
Barbara,Green
Carol,Lopez
Michael,Rivera
Jason,Robinson
Kenneth,Collins
Laura,Hall
Amanda,Martin
Betty,Martin
Mark,Collins
Andrew,Phillips
Sarah,Lee
Robert,Rivera
Ronald,Sanchez
Matthew,Jones
Sarah,Gonzalez
Amanda,Garcia
Kathleen,Torres
Ryan,Williams
Michelle,Thompson
George,Lopez
Brian,Walker
Charles,Lee
Kathleen,Williams
Jennifer,Williams
Sharon,Adams
Karen,Perez
Steven,Miller
Amy,Morris
Joseph,Carter
Stephanie,Wright
Sandra,Rivera
Amy,Martinez
Susan,Moore
Joseph,Flores
Lisa,Allen
Karen,Wilson
Ashley,Williams
Linda,Baker
Robert,Brown
John,Wilson
George,Garcia
Matthew,Wilson
Cynthia,Perez
Barbara,Nguyen
Steven,Brown
Jennifer,Rodriguez
Susan,Thompson
Jason,Martin
Donna,Hill
Sarah,Jones
Richard,Taylor
Dorothy,Anderson
William,Ramirez
Kevin,Harris
Matthew,Garcia
David,Thomas
Joshua,Thomas
Timothy,Green
Brian,Turner
Joseph,Ramirez
William,King
Sharon,Smith
Cynthia,Hill
Jennifer,Torres
Deborah,Martinez
Jennifer,Turner
Kevin,Scott
Kimberly,Baker
Linda,Clark
Dorothy,Flores
Mary,Thomas
Laura,Campbell
Kathleen,Campbell
Dorothy,Brown
Anthony,Green
Sharon,Lee
Michelle,Perez
Betty,Nelson
Joseph,Baker
James,Jones
Thomas,Thompson
Jessica,Moore
Joseph,Campbell
Barbara,Torres
Susan,Young
Karen,Allen
Patricia,Ramirez
Ashley,Edwards
Donna,Wright
Lisa,Clark
Mark,Adams
Melissa,Lewis
Thomas,Diaz
David,Smith
Joseph,Anderson
George,Adams
Margaret,Perez
Amy,Walker
Amy,Collins
Linda,Garcia
Jennifer,Thomas
Cynthia,Hall
Elizabeth,Rivera
Donna,Robinson
Matthew,Lee
Ashley,Lewis
Sandra,Lewis
Matthew,Moore
Brian,Davis
Laura,Thomas
Deborah,Taylor
Donna,White
George,Rivera
Margaret,Hall
George,Wright
Steven,Carter
Kathleen,Baker
Patricia,Johnson
Kathleen,Lewis
Edward,Young
Joshua,Gomez
Ashley,Campbell
Matthew,Phillips
Joseph,Lopez
Amanda,Cruz
Jennifer,Martinez
Mark,Cruz
Stephanie,Mitchell
Mark,White
Steven,Thompson
Linda,Martin
Edward,Edwards
Jennifer,Young
Donald,Walker
Kenneth,Perez
Susan,White
Mary,Parker
Donald,Evans
Sarah,Young
Amanda,Evans
Kathleen,Roberts
Patricia,Rodriguez
Nancy,Jones
George,Nguyen
Joshua,Lopez
Patricia,Jones
Betty,Wilson
Sandra,Morris
Elizabeth,Hall
Christopher,Harris
Michelle,Torres
Richard,Perez
Amanda,Clark
Michelle,Taylor
Charles,Flores
Margaret,Allen
Jason,Davis
Donna,Lopez
Andrew,Hall
Jason,Adams
Ashley,Baker
Jacob,Phillips
Rebecca,Parker
Margaret,Garcia
Margaret,Carter
Joshua,Robinson
Dorothy,Allen
Barbara,Young
Kathleen,Reyes
Kimberly,Hall
Melissa,Turner
Matthew,Allen
Amy,Flores
Charles,Edwards
Steven,Allen
Mary,Evans
Ashley,Evans
Joshua,Mitchell
Mark,Stewart
Nancy,Brown
Paul,Anderson
Charles,White
Matthew,Martinez
Linda,Harris
Jason,Allen
Kimberly,Carter
Melissa,Scott
Steven,Walker
Ashley,Morris
Timothy,Torres
Lisa,Moore
Emily,Roberts
Nancy,Ramirez
Charles,Moore
Melissa,Wilson
Margaret,Morris
Margaret,Nelson
Jeffrey,Thompson
Amy,Hill
Patricia,Lewis
Rebecca,Thompson
Mary,Stewart
Mark,Thompson
Emily,Phillips
Susan,Lee
Kenneth,Morris
Joseph,Williams
Ronald,Allen
George,Torres
Barbara,Flores
Deborah,Gomez
Kathleen,Mitchell
Edward,Moore
Jessica,Carter
Andrew,Miller
Linda,Evans
Cynthia,Nguyen
Paul,Perez
Jennifer,Mitchell
Paul,Roberts
Jennifer,Nelson
Sarah,Baker
David,Rivera
William,Gomez
Mary,Green
John,Lopez
David,Gonzalez
Kimberly,Evans
Joseph,Garcia
Anthony,Carter
Michael,King
Ashley,Walker
William,Green
Donna,Jones
Matthew,Green
Jason,Perez
Sarah,Jackson
Carol,Phillips
Emily,Evans
Christopher,Martinez
Richard,Hernandez
Ryan,Rodriguez
Paul,Baker
Joseph,Morris
Linda,Wright
Joshua,Davis
Anthony,Rivera
Brian,Diaz
John,Torres
Stephanie,Rivera
Donald,Jackson
Christopher,Morris
Jason,Harris
Betty,Anderson
Margaret,Walker
Gary,Collins
Daniel,Perez
Joshua,White
Timothy,Taylor
Kevin,Gonzalez
Brian,Clark
Rebecca,Wright
Betty,Collins
Susan,Nguyen
Jason,Taylor
Thomas,Thomas
Betty,Scott
David,Scott
Kenneth,Carter
Emily,Hernandez
Joseph,Young
Jacob,Adams
William,Johnson
Karen,Miller
Linda,Johnson
Dorothy,Martinez
Christopher,Johnson
Stephanie,Smith
Donald,Diaz
Joseph,Nelson
Brian,Ramirez
Barbara,White
Ronald,Turner
Melissa,Clark
Jeffrey,Reyes
George,Turner
Jacob,Edwards
Susan,Reyes
Rebecca,Scott
Deborah,White
Ryan,Hall
Jessica,Mitchell
Paul,Martin
Melissa,Rivera
Christopher,Wright
James,Gonzalez
Daniel,Diaz
Jacob,Davis
Melissa,White
Kimberly,Taylor
Charles0,Brown
Steven1,Harris
Andrew2,Rodriguez
Cynthia3,White
John4,Lee
David5,Jones
Edward6,Anderson
Lisa7,Rodriguez
Margaret8,Phillips
Kevin9,Hill
Sarah10,Davis
Matthew11,Evans
Charles12,Hall
Mary13,Evans
Anthony14,Young
Amanda15,Martinez
Paul16,Evans
Linda17,White
Nancy18,Williams
Timothy19,Young
Thomas20,Brown
Jennifer21,Miller
Joshua22,Rivera
Cynthia23,Parker
James24,Davis
Sandra25,Anderson
Mary26,Allen
Sarah27,Hernandez
Jacob28,Gonzalez
Ashley29,Jackson
Daniel30,Campbell
Dorothy31,Allen
Michael32,Thompson
Jason33,Clark
Amy34,Lee
Ashley35,Gomez
Margaret36,Smith
Amy37,Taylor
Melissa38,Lewis
Betty39,Moore
Matthew40,Clark
Steven41,Jones
Ashley42,Flores
Paul43,Reyes
Joshua44,Turner
Lisa45,Wilson
Sharon46,Baker
Kenneth47,Anderson
Mark48,Evans
Emily49,Adams
Cynthia50,Adams
Daniel51,Reyes
Sarah52,Torres
Ryan53,Green
Ryan54,Roberts
Elizabeth55,Allen
Daniel56,Scott
Linda57,Nguyen
Kevin58,Allen
Paul59,Hernandez
Paul60,Morris
Ronald61,Walker
Deborah62,Jones
Charles63,Taylor
Kathleen64,Collins
Michael65,King
Daniel66,Stewart
Ashley67,Baker
Margaret68,Parker
James69,Moore
Deborah70,Jackson
Emily71,Roberts
Kenneth72,Reyes
Sharon73,Williams
Lisa74,Young
Lisa75,Evans
Sarah76,Campbell
Stephanie77,Miller
Anthony78,Miller
Patricia79,Hill
Charles80,Sanchez
Jennifer81,Jackson
Charles82,Young
Melissa83,Cruz
Jason84,Gonzalez
Donna85,Anderson
Laura86,Diaz
Karen87,Adams
Susan88,Mitchell
Timothy89,Rodriguez
Kenneth90,Scott
Timothy91,Martinez
Donald92,Williams
Brian93,Jones
Donna94,Clark
Mark95,Carter
Laura96,Jackson
Betty97,Thomas
Lisa98,Brown
Karen99,Sanchez
Christopher100,King
Michael101,Scott
Kimberly102,Hill
Mary103,Martinez
Michael104,Mitchell
Mary105,Baker
Susan106,Hernandez
Emily107,King
John108,Lee
Kimberly109,Wright
Rebecca110,Flores
Deborah111,Morris
Donald112,Parker
Kevin113,Hernandez
John114,Hill
Betty115,Lopez
Sarah116,Brown
Stephanie117,Gomez
Kimberly118,Morris
Charles119,Garcia
Barbara120,Rodriguez
Amanda121,Mitchell
Ronald122,Rivera
Jason123,Lewis
Jessica124,Carter
Mary125,Perez
Melissa126,Hernandez
Kathleen127,Martin
Betty128,Cruz
Mary129,Cruz
Kimberly130,Gonzalez
Karen131,Stewart
Kimberly132,Hill
Sarah133,Harris
Jacob134,King
Ashley135,Roberts
Laura136,Johnson
Amy137,Green
Daniel138,Parker
Gary139,Campbell
Nancy140,Rivera
Gary141,Thomas
Dorothy142,Anderson
Nancy143,Adams
Steven144,Lee
Rebecca145,Martin
John146,Hall
Laura147,Sanchez
Sharon148,Hall
Richard149,Collins
Stephanie150,Lee
Margaret151,Wright
Mark152,Robinson
Sandra153,Anderson
Thomas154,Diaz
Kathleen155,Mitchell
Mary156,Hill
Betty157,Flores
Melissa158,Allen
David159,Rivera
Jeffrey160,Nelson
Rebecca161,Walker
Melissa162,Allen
Edward163,Harris
Deborah164,Parker
Steven165,Baker
Gary166,Martin
Thomas167,Gonzalez
Steven168,Diaz
Amanda169,Johnson
Dorothy170,Morris
Sandra171,Thompson
Kimberly172,Rivera
John173,Roberts
Christopher174,Hall
Patricia175,Perez
Emily176,Green
Robert177,Phillips
Deborah178,Robinson
Thomas179,Young
Patricia180,Phillips
Donald181,King
Charles182,Adams
Kathleen183,Harris
Sandra184,Mitchell
Susan185,Wilson
Brian186,Parker
Donald187,Edwards
Barbara188,Robinson
Christopher189,Wright
James190,Rodriguez
Jacob191,Baker
Michelle192,Davis
Lisa193,Scott
Ashley194,Wilson
Dorothy195,Davis
Barbara196,Martin
Margaret197,Campbell
Richard198,Collins
Ronald199,Anderson
Kevin200,Jones
Richard201,Turner
Matthew202,Nelson
Kevin203,Robinson
David204,Roberts
Sandra205,Davis
Timothy206,Flores
George207,Taylor
Donald208,Martinez
Steven209,Brown
Kimberly210,Perez
Laura211,Hill
Carol212,Thompson
Jason213,Thompson
Amy214,Wright
Dorothy215,Adams
Ashley216,Parker
Steven217,Evans
Richard218,Edwards
James219,Martin
David220,Johnson
Jessica221,Collins
David222,Perez
Timothy223,Martinez
Laura224,Flores
Patricia225,Nelson
Jason226,Garcia
Mary227,Allen
Edward228,Reyes
Andrew229,Robinson
Timothy230,Brown
Susan231,Collins
Donna232,Morris
Jennifer233,Stewart
Thomas234,Carter
Joshua235,Lopez
Joseph236,Thomas
Dorothy237,Morris
Kathleen238,Moore
Richard239,Green
Kathleen240,Moore
Stephanie241,Campbell
Jeffrey242,Carter
Cynthia243,Wilson
Sharon244,Baker
Sandra245,Campbell
Nancy246,Williams
Kevin247,Nelson
Dorothy248,Wright
Jason249,Parker
Lisa250,Jones
Margaret251,Adams
Daniel252,Martin
Daniel253,Lopez
Christopher254,Hill
James255,Mitchell
Ryan256,Phillips
Richard257,Davis
Michael258,King
Donna259,Adams
Mary260,Lopez
Matthew261,Gonzalez
Thomas262,Ramirez
Mark263,Thomas
Paul264,Allen
Gary265,Hernandez
Ronald266,Reyes
Kenneth267,Edwards
Sarah268,Lopez
Kimberly269,Garcia
Sandra270,Lee
William271,Johnson
Thomas272,Green
David273,Baker
Daniel274,Sanchez
Barbara275,Sanchez
Lisa276,White
Mary277,Walker
Ashley278,Rivera
Timothy279,Nelson
Andrew280,Martin
Jennifer281,Garcia
Edward282,Parker
Amy283,Wilson
Sandra284,Lee
Michelle285,Carter
Thomas286,Carter
Charles287,Martinez
Sandra288,Lewis
Carol289,Lopez
Stephanie290,Stewart
John291,Garcia
Jeffrey292,Gonzalez
Jeffrey293,Allen
Donna294,Anderson
Brian295,Nguyen
Timothy296,Williams
Brian297,Jackson
Edward298,Jones
Joshua299,Jones
Michelle300,Jackson
Linda301,Adams
Karen302,Hernandez
Emily303,Edwards
Mary304,Turner
Emily305,Adams
Margaret306,Young
Cynthia307,Rivera
Amanda308,Turner
Kathleen309,Parker
Kathleen310,Moore
Robert311,Nelson
Donna312,Parker
Jennifer313,Stewart
Mary314,King
Linda315,Garcia
Steven316,Williams
Kimberly317,Adams
Amy318,Jones
Gary319,Scott
Amanda320,Ramirez
Jessica321,Garcia
Betty322,Lopez
Thomas323,Scott
Margaret324,Diaz
Cynthia325,Walker
Joshua326,Roberts
Elizabeth327,Clark
Sharon328,Hall
Karen329,Scott
Michael330,Lewis
Cynthia331,Williams
Jeffrey332,Collins
Charles333,Sanchez
Jessica334,Thomas
Timothy335,Carter
Melissa336,Perez
Robert337,Collins
Susan338,Allen
Kimberly339,Williams
Kenneth340,Sanchez
David341,Lopez
James342,Clark
Susan343,Morris
Jennifer344,White
Amanda345,Thompson
Joseph346,Mitchell
Joshua347,Miller
Susan348,Lewis
George349,Scott
Mark350,Diaz
Cynthia351,Hill
Richard352,White
Betty353,Stewart
Carol354,Davis
Ashley355,Harris
Deborah356,Clark
Anthony357,Ramirez
Melissa358,Hill
Susan359,Harris
Michael360,Nguyen
Steven361,Mitchell
Edward362,Scott
John363,Jackson
Elizabeth364,King
Richard365,Garcia
Stephanie366,Carter
Nancy367,Rivera
William368,Wright
Jessica369,Thomas
Ryan370,Stewart
Linda371,Parker
Michael372,Evans
Christopher373,White
Cynthia374,Turner
Margaret375,Allen
Amanda376,Collins
Jacob377,Torres
Matthew378,Ramirez
Kimberly379,Lopez
Michelle380,Taylor
Betty381,Brown
Jason382,Walker
Dorothy383,Diaz
Sandra384,Martinez
Charles385,Thomas
Matthew386,Phillips
Laura387,Davis
Barbara388,Baker
Brian389,Torres
Laura390,Taylor
Jessica391,Robinson
Betty392,Torres
Jeffrey393,Jackson
Daniel394,Sanchez
Charles395,Rivera
Mark396,Wright
Dorothy397,Nguyen
Thomas398,Rodriguez
Thomas399,Hill
Carol400,White
Richard401,Wilson
Rebecca402,Rivera
Stephanie403,Cruz
Linda404,Flores
Christopher405,Mitchell
Lisa406,Jones
Jessica407,Evans
Mark408,Phillips
Jacob409,Torres
Cynthia410,Cruz
Ryan411,Harris
Matthew412,Miller
Linda413,Morris
Thomas414,Smith
Ryan415,Green
Melissa416,Wilson
Robert417,Johnson
James418,Martin
Kenneth419,Anderson
Paul420,Moore
Jason421,Nguyen
Karen422,Young
Dorothy423,Hill
Donna424,Rodriguez
Rebecca425,Reyes
Margaret426,Gonzalez
Patricia427,Roberts
Emily428,Miller
Matthew429,Davis
Deborah430,Thompson
Melissa431,Wright
William432,Brown
Ashley433,Baker
David434,Anderson
Andrew435,Brown
Timothy436,Ramirez
Rebecca437,Anderson
Elizabeth438,Williams
Sharon439,Williams
Sharon440,Rivera
Kenneth441,Flores
Kevin442,Nelson
Richard443,Moore
Lisa444,Turner
Joshua445,Jackson
Dorothy446,Mitchell
Robert447,Flores
Melissa448,Roberts
Kimberly449,Moore
Ryan450,Morris
Sandra451,Davis
Joseph452,Phillips
Thomas453,Wright
Betty454,Hernandez
Anthony455,Stewart
Betty456,Parker
Margaret457,Evans
Thomas458,Ramirez
Karen459,Martin
Anthony460,Lee
Margaret461,Brown
Deborah462,Turner
Gary463,Evans
Emily464,Anderson
Charles465,Wright
Kenneth466,Parker
Thomas467,Harris
Steven468,Cruz
Kevin469,Lopez
Timothy470,Nelson
Richard471,White
Carol472,Evans
Jason473,Flores
Jennifer474,Gomez
Lisa475,White
Brian476,Edwards
Sandra477,Ramirez
Michael478,Torres
Paul479,Davis
Jennifer480,Mitchell
Mary481,Moore
Jessica482,Baker
William483,Carter
Sandra484,Diaz
Elizabeth485,Thompson
Carol486,Phillips
Linda487,Carter
Patricia488,Evans
Ronald489,Diaz
Laura490,Moore
Jessica491,Robinson
Dorothy492,Williams
Laura493,Morris
Jennifer494,Roberts
Elizabeth495,Gonzalez
Susan496,Reyes
Donna497,Perez
Jason498,Rodriguez
Joshua499,Nelson
George500,Taylor
Barbara501,Moore
Kenneth502,Clark
Barbara503,Garcia
Brian504,Harris
Kathleen505,Edwards
Cynthia506,Green
Joshua507,Cruz
Brian508,Allen
Emily509,White
Barbara510,Williams
Daniel511,Davis
Kimberly512,Mitchell
Kimberly513,Thompson
Jennifer514,Evans
Patricia515,Williams
Kathleen516,Sanchez
David517,Harris
Rebecca518,Nguyen
Amy519,Torres
Thomas520,Harris
Mary521,Sanchez
Elizabeth522,Wright
Matthew523,Brown
Kathleen524,Moore
Ashley525,Walker
Susan526,Martinez
Margaret527,Ramirez
Paul528,Jones
Ashley529,Garcia
Steven530,Phillips
Stephanie531,Sanchez
Brian532,Perez
Sarah533,Moore
Laura534,Davis
Steven535,Green
Charles536,Reyes
Thomas537,Thompson
Daniel538,Young
Sandra539,Perez
Barbara540,Rodriguez
Michelle541,Lopez
Edward542,Lopez
Gary543,Hill
Karen544,Phillips
Andrew545,Lopez
Ronald546,Smith
Michael547,Brown
Elizabeth548,Davis
Jason549,Hill
Margaret550,Baker
Gary551,Martin
Sarah552,Carter
Jessica553,Nelson
Michael554,Thomas
James555,Flores
Barbara556,Gomez
Margaret557,Clark
Donald558,Hall
William559,Green
Mary560,Johnson
Deborah561,Diaz
Amy562,Evans
Andrew563,Roberts
Robert564,Phillips
Barbara565,Thompson
Sandra566,Martinez
Karen567,Turner
Amy568,Williams
Dorothy569,Smith
William570,Hill
Michelle571,Smith
Michelle572,Brown
John573,Lopez
Gary574,Hernandez
Nancy575,Morris
Linda576,Williams
Mary577,Reyes
Deborah578,Flores
Deborah579,Harris
Richard580,Hill
Stephanie581,Adams
Linda582,Martin
William583,Parker
David584,Garcia
Stephanie585,Hernandez
Edward586,Clark
Susan587,Wright
Patricia588,Taylor
Timothy589,Flores
Dorothy590,Garcia
Kevin591,Parker
Steven592,King
Kevin593,Anderson
Michael594,Moore
Anthony595,Carter
Michael596,Diaz
Richard597,Thompson
Ashley598,Hall
Mark599,Nguyen
Christopher600,Phillips
Joshua601,Johnson
Matthew602,Thompson
Matthew603,Adams
Sarah604,Hall
Donald605,Harris
Cynthia606,Jones
Amy607,Gonzalez
Jacob608,Scott
Kathleen609,Walker
John610,Clark
Patricia611,Lewis
Donald612,Morris
Joseph613,Hill
Donald614,Flores
Jessica615,Hill
Laura616,Jackson
Ryan617,Gonzalez
Stephanie618,Scott
Ryan619,Hall
Charles620,Rivera
Daniel621,Smith
Gary622,Rodriguez
Kimberly623,Young
Michelle624,Flores
Robert625,Stewart
Jessica626,Carter
Melissa627,Taylor
James628,Davis
Paul629,Ramirez
Paul630,Nelson
Nancy631,King
Kimberly632,Green
Kathleen633,Allen
Emily634,Moore
Jessica635,Diaz
William636,Reyes
Sharon637,Allen
Steven638,Parker
Rebecca639,Martinez
Kathleen640,Martinez
Amanda641,King
Steven642,Green
Rebecca643,Martin
Edward644,Taylor
Amanda645,Smith
Melissa646,Turner
Karen647,Phillips
Donna648,Young
Nancy649,Walker
Barbara650,Hill
Amanda651,Adams
Richard652,Brown
Christopher653,Martin
Charles654,Robinson
John655,Edwards
Michelle656,Moore
Ronald657,Parker
Cynthia658,Lopez
Timothy659,Rivera
Ashley660,Garcia
Cynthia661,Martinez
Sarah662,Anderson
Jessica663,King
Kimberly664,Thomas
Sandra665,Robinson
Dorothy666,Diaz
Richard667,Wright
William668,Stewart
Kenneth669,Morris
Karen670,Hernandez
Daniel671,Rivera
George672,Smith
Betty673,Hall
Anthony674,Diaz
Amy675,Evans
Paul676,Robinson
Edward677,Perez
Karen678,Sanchez
Jason679,Taylor
Paul680,White
Mary681,Jones
Stephanie682,Lopez
Jennifer683,Thompson
Michelle684,Davis
Mark685,Edwards
Richard686,Adams
George687,Ramirez
Mark688,King
David689,Edwards
Laura690,Evans
Matthew691,Baker
Kenneth692,Thompson
Kathleen693,Parker
Amanda694,Lewis
Andrew695,Johnson
Amanda696,Davis
Amanda697,Harris
John698,Clark
Joseph699,Moore
Kenneth700,Martinez
Kenneth701,Young
Barbara702,Morris
Cynthia703,Harris
Kenneth704,Thompson
Laura705,White
Anthony706,Campbell
Michael707,Wilson
Sandra708,Flores
Kimberly709,Anderson
Nancy710,Jackson
Sandra711,Nelson
Gary712,Evans
Michelle713,Young
Kenneth714,Miller
Richard715,Collins
Steven716,Young
Ryan717,White
Dorothy718,Campbell
Donald719,Smith
Patricia720,Martin
Amy721,Wilson
Sarah722,Adams
Karen723,Thomas
Brian724,Nguyen
Joshua725,Jackson
Jason726,Mitchell
Emily727,Gomez
Mark728,Hill
Robert729,Robinson
Jason730,Stewart
Anthony731,Collins
Joshua732,Flores
Anthony733,Miller
Jessica734,Perez
John735,Cruz
Jessica736,Jones
Barbara737,Martin
Jennifer738,Green
Donna739,Allen
Stephanie740,Ramirez
Charles741,Roberts
Richard742,Turner
George743,Rivera
Betty744,Martinez
Kathleen745,Hernandez
Stephanie746,King
Jennifer747,Young
Paul748,Cruz
Barbara749,Stewart
Linda750,Moore
Carol751,Cruz
James752,Williams
Cynthia753,Rivera
Amanda754,Nguyen
Andrew755,Martinez
Mark756,Lee
Jessica757,Sanchez
Elizabeth758,Thomas
Elizabeth759,Miller
Thomas760,Carter
Laura761,Lopez
David762,Edwards
Jason763,Flores
Laura764,Adams
Susan765,Young
Kimberly766,Rodriguez
Amanda767,Cruz
Anthony768,Torres
Edward769,Martin
Donald770,Green
Amanda771,Gomez
Ashley772,Brown
Matthew773,Turner
Michelle774,Adams
Nancy775,Sanchez
Christopher776,Ramirez
Joseph777,Carter
Anthony778,King
George779,White
Margaret780,Stewart
Carol781,White
Michael782,Allen
Mark783,Anderson
Michael784,Lewis
Stephanie785,King
Kevin786,Evans
Sarah787,Williams
Richard788,Roberts
Richard789,Clark
Barbara790,Martin
Jessica791,Moore
Betty792,Nelson
James793,Wright
Michael794,Brown
Barbara795,Mitchell
Susan796,Reyes
Melissa797,Taylor
Dorothy798,King
Jeffrey799,White
Betty800,Hill
Anthony801,Stewart
Donna802,Turner
Mary803,Taylor
Betty804,Rivera
Laura805,Garcia
Kathleen806,Sanchez
Linda807,Perez
Thomas808,Phillips
William809,White
Emily810,Harris
Mark811,Gonzalez
Elizabeth812,Miller
Lisa813,Moore
William814,Anderson
Barbara815,Edwards
Gary816,Hernandez
Amanda817,Martin
Jennifer818,Gomez
Jessica819,Mitchell
Karen820,Mitchell
Mary821,Johnson
James822,Nelson
Joseph823,Rivera
Karen824,Flores
Susan825,Thompson
Kimberly826,Garcia
Amy827,Hall
Sarah828,Anderson
Rebecca829,Lee
Laura830,Davis
Robert831,Garcia
Joshua832,Miller
Sandra833,Perez
Lisa834,Adams
Melissa835,Gomez
Robert836,Carter
Margaret837,King
John838,Rodriguez
Ashley839,Collins
Karen840,Evans
Lisa841,Wright
Kevin842,Adams
Elizabeth843,Davis
Carol844,Carter
Barbara845,Wilson
Amy846,Clark
Christopher847,Cruz
Ashley848,Johnson
Cynthia849,Phillips
Linda850,Anderson
Carol851,Martin
Laura852,Collins
Thomas853,Roberts
Jacob854,Gomez
Ryan855,Collins
Timothy856,Allen
Donald857,White
Ronald858,Brown
Ashley859,Rodriguez
Ronald860,Scott
Jacob861,Collins
Betty862,Perez
Jason863,Johnson
Robert864,White
Elizabeth865,Brown
Jacob866,Thompson
Melissa867,Martinez
Margaret868,Harris
Jacob869,Martin
Betty870,Edwards
Sharon871,Wilson
Robert872,Scott
Sandra873,Gonzalez
Steven874,Moore
Jennifer875,Diaz
Emily876,Hill
Jason877,Parker
Robert878,Jackson
Dorothy879,Jackson
James880,Lopez
Michelle881,Nguyen
Jennifer882,Moore
Matthew883,Harris
George884,Lewis
Kenneth885,Gomez
Rebecca886,Moore
Thomas887,Jones
Daniel888,Green
Gary889,Lee
Kenneth890,Stewart
Betty891,Nguyen
Betty892,Hill
Cynthia893,Allen
Emily894,Mitchell
Sarah895,Lee
Dorothy896,Phillips
Sarah897,Martin
Michelle898,Baker
Jeffrey899,White
Stephanie900,Morris
Sharon901,Green
Amanda902,Thomas
Jessica903,Clark
James904,Garcia
Donna905,Moore
Ashley906,Martin
Richard907,Stewart
Cynthia908,Harris
Mark909,Harris
Kimberly910,Robinson
Donald911,Young
David912,Evans
Patricia913,Scott
Karen914,Harris
Ryan915,King
Donald916,Collins
Thomas917,Sanchez
Michael918,Rodriguez
Lisa919,Cruz
Sandra920,Hill
Carol921,Taylor
Robert922,Baker
Susan923,Brown
Donna924,Harris
Stephanie925,Jones
Mary926,Thompson
Paul927,Davis
George928,Miller
Kevin929,Cruz
Gary930,Wright
Elizabeth931,Reyes
Carol932,Wilson
Gary933,Ramirez
Emily934,Allen
Jason935,Gomez
Daniel936,Diaz
Gary937,Turner
Jacob938,Smith
Barbara939,Hernandez
Jason940,Miller
Mark941,Mitchell
William942,Flores
Laura943,Martinez
Rebecca944,Perez
Donna945,Nguyen
Margaret946,Smith
Anthony947,Torres
Amy948,Harris
Brian949,Scott
Kimberly950,Lee
William951,Hill
Edward952,Flores
Donna953,Gomez
Amy954,Gomez
Jacob955,Parker
Rebecca956,Cruz
Steven957,Johnson
Michael958,Gomez
Joseph959,Brown
Kathleen960,Roberts
Michelle961,Hill
Elizabeth962,Johnson
Donna963,Lopez
Mary964,Ramirez
Andrew965,Thomas
Susan966,Robinson
Brian967,Lee
Michelle968,Diaz
Betty969,Collins
Donna970,Gomez
William971,Wright
Kenneth972,Walker
Rebecca973,Ramirez
Anthony974,Rivera
David975,Rivera
Cynthia976,Walker
Ronald977,Lewis
Matthew978,Campbell
Lisa979,Rivera
Amanda980,Sanchez
Michael981,Evans
Michael982,Collins
Jacob983,Scott
Jessica984,Lopez
Linda985,Jackson
Melissa986,Cruz
Steven987,Smith
Steven988,Hall
Gary989,Scott
Gary990,Flores
David991,Lopez
Gary992,Mitchell
Steven993,Allen
James994,Williams
Cynthia995,Reyes
Michael996,Reyes
Jacob997,Hall
Christopher998,Anderson
Gary999,Thomas
Richard1000,Evans
Kathleen1001,Miller
George1002,Johnson
Cynthia1003,Green
Kevin1004,Lopez
Kimberly1005,Allen
Ryan1006,Martinez
Mark1007,Hernandez
Ryan1008,Johnson
Elizabeth1009,Reyes
George1010,Clark
Charles1011,Edwards
Thomas1012,Cruz
Cynthia1013,Wilson
Christopher1014,Smith
Amy1015,Baker
Michelle1016,Diaz
John1017,Edwards
Richard1018,Harris
Michelle1019,Young
Jennifer1020,Martinez
Robert1021,Sanchez
Anthony1022,Hernandez
Mary1023,White
Cynthia1024,Thomas
Deborah1025,Wright
David1026,Gomez
Rebecca1027,Martin
Anthony1028,Sanchez
Ryan1029,Mitchell
Matthew1030,Taylor
Christopher1031,Hill
